PUBLICATION_DATE,TAXA_ID,TARGET_TAXON,PHYLUM,CLASS,SUBCLASS,ORDER,SUBORDER,FAMILY,SUBFAMILY,GENUS,SPECIES,SUBSPECIES,NON_NATIVE,CLADOCERA_SIZE,NET_SIZECLS_NEW,FFG,NON_TARGET
8/13/2024,1000,ACANTHOCYCLOPS,ARTHROPODA,MAXILLOPODA,COPEPODA,CYCLOPOIDA,,CYCLOPIDAE,,ACANTHOCYCLOPS,,,,,COARSE,OMNI,
8/13/2024,1001,ACANTHOCYCLOPS BREVISPINOSUS,ARTHROPODA,MAXILLOPODA,COPEPODA,CYCLOPOIDA,,CYCLOPIDAE,,ACANTHOCYCLOPS,BREVISPINOSUS,,,,COARSE,OMNI,
8/13/2024,1002,ACANTHOCYCLOPS ROBUSTUS,ARTHROPODA,MAXILLOPODA,COPEPODA,CYCLOPOIDA,,CYCLOPIDAE,,ACANTHOCYCLOPS,ROBUSTUS,,,,COARSE,OMNI,
8/13/2024,1003,ACANTHOCYCLOPS VERNALIS,ARTHROPODA,MAXILLOPODA,COPEPODA,CYCLOPOIDA,,CYCLOPIDAE,,ACANTHOCYCLOPS,VERNALIS,,,,COARSE,OMNI,
8/13/2024,1004,ACANTHODIAPTOMUS DENTICORNIS,ARTHROPODA,MAXILLOPODA,COPEPODA,CALANOIDA,,DIAPTOMIDAE,,ACANTHODIAPTOMUS,DENTICORNIS,,,,COARSE,HERB,
8/13/2024,1005,ACANTHOLEBERIS CURVIROSTRIS,ARTHROPODA,BRANCHIOPODA,PHYLLOPODA,DIPLOSTRACA,CLADOCERA,MACROTHRICIDAE,,ACANTHOLEBERIS,CURVIROSTRIS,,,LARGE,COARSE,HERB,
8/13/2024,1006,ACARTIA TONSA,ARTHROPODA,MAXILLOPODA,COPEPODA,CALANOIDA,,ACARTIIDAE,,ACARTIA,TONSA,,,,COARSE,HERB,
8/13/2024,1007,ACROPERUS HARPAE,ARTHROPODA,BRANCHIOPODA,PHYLLOPODA,DIPLOSTRACA,CLADOCERA,CHYDORIDAE,,ACROPERUS,HARPAE,,,SMALL,COARSE,HERB,
8/13/2024,1008,AGLAODIAPTOMUS,ARTHROPODA,MAXILLOPODA,COPEPODA,CALANOIDA,,DIAPTOMIDAE,,AGLAODIAPTOMUS,,,,,COARSE,OMNI,
8/13/2024,1009,AGLAODIAPTOMUS CLAVIPES,ARTHROPODA,MAXILLOPODA,COPEPODA,CALANOIDA,,DIAPTOMIDAE,,AGLAODIAPTOMUS,CLAVIPES,,,,COARSE,OMNI,
8/13/2024,1010,AGLAODIAPTOMUS FORBESI,ARTHROPODA,MAXILLOPODA,COPEPODA,CALANOIDA,,DIAPTOMIDAE,,AGLAODIAPTOMUS,FORBESI,,,,COARSE,OMNI,
8/13/2024,1011,AGLAODIAPTOMUS LEPTOPUS,ARTHROPODA,MAXILLOPODA,COPEPODA,CALANOIDA,,DIAPTOMIDAE,,AGLAODIAPTOMUS,LEPTOPUS,,,,COARSE,OMNI,
8/13/2024,1012,AGLAODIAPTOMUS LINTONI,ARTHROPODA,MAXILLOPODA,COPEPODA,CALANOIDA,,DIAPTOMIDAE,,AGLAODIAPTOMUS,LINTONI,,,,COARSE,OMNI,
8/13/2024,1013,AGLAODIAPTOMUS SASKATCHEWANENSIS,ARTHROPODA,MAXILLOPODA,COPEPODA,CALANOIDA,,DIAPTOMIDAE,,AGLAODIAPTOMUS,SASKATCHEWANENSIS,,,,COARSE,OMNI,
8/13/2024,1014,AGLAODIAPTOMUS SPATULOCRENATUS,ARTHROPODA,MAXILLOPODA,COPEPODA,CALANOIDA,,DIAPTOMIDAE,,AGLAODIAPTOMUS,SPATULOCRENATUS,,,,COARSE,OMNI,
8/13/2024,1015,ALONA,ARTHROPODA,BRANCHIOPODA,PHYLLOPODA,DIPLOSTRACA,CLADOCERA,CHYDORIDAE,,ALONA,,,,SMALL,COARSE,HERB,
8/13/2024,1016,ALONA AFFINIS,ARTHROPODA,BRANCHIOPODA,PHYLLOPODA,DIPLOSTRACA,CLADOCERA,CHYDORIDAE,,ALONA,AFFINIS,,,SMALL,COARSE,HERB,
8/13/2024,1017,ALONA COSTATA,ARTHROPODA,BRANCHIOPODA,PHYLLOPODA,DIPLOSTRACA,CLADOCERA,CHYDORIDAE,,ALONA,COSTATA,,,SMALL,COARSE,HERB,
8/13/2024,1018,ALONA GUTTATA,ARTHROPODA,BRANCHIOPODA,PHYLLOPODA,DIPLOSTRACA,CLADOCERA,CHYDORIDAE,,ALONA,GUTTATA,,,SMALL,COARSE,HERB,
8/13/2024,1019,ALONA MONACANTHA,ARTHROPODA,BRANCHIOPODA,PHYLLOPODA,DIPLOSTRACA,CLADOCERA,CHYDORIDAE,,ALONA,MONACANTHA,,,SMALL,COARSE,HERB,
8/13/2024,1020,ALONA QUADRANGULARIS,ARTHROPODA,BRANCHIOPODA,PHYLLOPODA,DIPLOSTRACA,CLADOCERA,CHYDORIDAE,,ALONA,QUADRANGULARIS,,,SMALL,COARSE,HERB,
8/13/2024,1021,ALONA RECTANGULA,ARTHROPODA,BRANCHIOPODA,PHYLLOPODA,DIPLOSTRACA,CLADOCERA,CHYDORIDAE,,ALONA,RECTANGULA,,,SMALL,COARSE,HERB,
8/13/2024,1022,ALONELLA,ARTHROPODA,BRANCHIOPODA,PHYLLOPODA,DIPLOSTRACA,CLADOCERA,CHYDORIDAE,,ALONELLA,,,,SMALL,COARSE,HERB,
8/13/2024,1023,ALONELLA ACUTIROSTRIS,ARTHROPODA,BRANCHIOPODA,PHYLLOPODA,DIPLOSTRACA,CLADOCERA,CHYDORIDAE,,ALONELLA,ACUTIROSTRIS,,,SMALL,COARSE,HERB,
8/13/2024,1024,ALONELLA EXCISA,ARTHROPODA,BRANCHIOPODA,PHYLLOPODA,DIPLOSTRACA,CLADOCERA,CHYDORIDAE,,ALONELLA,EXCISA,,,SMALL,COARSE,HERB,
8/13/2024,1025,ALONELLA EXIGUA,ARTHROPODA,BRANCHIOPODA,PHYLLOPODA,DIPLOSTRACA,CLADOCERA,CHYDORIDAE,,ALONELLA,EXIGUA,,,SMALL,COARSE,HERB,
8/13/2024,1026,AMPHIPODA,ARTHROPODA,MALACOSTRACA,EUMALACOSTRACA,AMPHIPODA,,,,,,,,,COARSE,,Y
8/13/2024,1027,ANOSTRACA,ARTHROPODA,BRANCHIOPODA,SARSOSTRACA,ANOSTRACA,,,,,,,,,COARSE,,
8/13/2024,1028,ANURAEOPSIS,ROTIFERA,EUROTATORIA,MONOGONONTA,PLOIMA,,BRACHIONIDAE,,ANURAEOPSIS,,,,,FINE,HERB,
8/13/2024,1029,ANURAEOPSIS FISSA,ROTIFERA,EUROTATORIA,MONOGONONTA,PLOIMA,,BRACHIONIDAE,,ANURAEOPSIS,FISSA,,,,FINE,HERB,
8/13/2024,1030,APPENDICULARIA,CHORDATA,APPENDICULARIA,,,,,,,,,,,COARSE,FILT,Y
8/13/2024,1031,ARCTODIAPTOMUS ARAPAHOENSIS,ARTHROPODA,MAXILLOPODA,COPEPODA,CALANOIDA,,DIAPTOMIDAE,,ARCTODIAPTOMUS,ARAPAHOENSIS,,,,COARSE,HERB,
8/13/2024,1032,ARCTODIAPTOMUS DORSALIS,ARTHROPODA,MAXILLOPODA,COPEPODA,CALANOIDA,,DIAPTOMIDAE,,ARCTODIAPTOMUS,DORSALIS,,"CT,MA,ME,NH,RI,VT,NJ,NY,DE,MD,PA,VA,WV,KY,GA,NC,SC,TN,IN,MI,MN,OH,WI,IL,AR,NM,OK,KS,NE,IA,MO,CO,UT,MT,ND,SD,WY,AZ,CA,HI,NV,AK,ID,OR,WA",,COARSE,HERB,
8/13/2024,1033,ARCTODIAPTOMUS FLORIDANUS,ARTHROPODA,MAXILLOPODA,COPEPODA,CALANOIDA,,DIAPTOMIDAE,,ARCTODIAPTOMUS,FLORIDANUS,,,,COARSE,HERB,
8/13/2024,1034,ARGULUS,ARTHROPODA,MAXILLOPODA,BRANCHIURA,ARGULOIDA,,ARGULIDAE,,ARGULUS,,,,,COARSE,PARA,
8/13/2024,1035,ASCOMORPHA,ROTIFERA,EUROTATORIA,MONOGONONTA,PLOIMA,,GASTROPODIDAE,,ASCOMORPHA,,,,,FINE,HERB,
8/13/2024,1036,ASCOMORPHA AGILIS,ROTIFERA,EUROTATORIA,MONOGONONTA,PLOIMA,,GASTROPODIDAE,,ASCOMORPHA,AGILIS,,,,FINE,HERB,
8/13/2024,1037,ASCOMORPHA ECAUDIS,ROTIFERA,EUROTATORIA,MONOGONONTA,PLOIMA,,GASTROPODIDAE,,ASCOMORPHA,ECAUDIS,,,,FINE,HERB,
8/13/2024,1038,ASCOMORPHA OVALIS,ROTIFERA,EUROTATORIA,MONOGONONTA,PLOIMA,,GASTROPODIDAE,,ASCOMORPHA,OVALIS,,,,FINE,HERB,
8/13/2024,1039,ASCOMORPHA SALTANS,ROTIFERA,EUROTATORIA,MONOGONONTA,PLOIMA,,GASTROPODIDAE,,ASCOMORPHA,SALTANS,,,,FINE,HERB,
8/13/2024,1040,ASCOMORPHELLA VOLVOCICOLA,ROTIFERA,EUROTATORIA,MONOGONONTA,PLOIMA,,TRICHOCERCIDAE,,ASCOMORPHELLA,VOLVOCICOLA,,,,FINE,HERB,
8/13/2024,1041,ASPLANCHNA,ROTIFERA,EUROTATORIA,MONOGONONTA,PLOIMA,,ASPLANCHNIDAE,,ASPLANCHNA,,,,,FINE,OMNI,
8/13/2024,1042,ASPLANCHNA BRIGHTWELLII,ROTIFERA,EUROTATORIA,MONOGONONTA,PLOIMA,,ASPLANCHNIDAE,,ASPLANCHNA,BRIGHTWELLII,,,,FINE,OMNI,
8/13/2024,1043,ASPLANCHNA GIRODI,ROTIFERA,EUROTATORIA,MONOGONONTA,PLOIMA,,ASPLANCHNIDAE,,ASPLANCHNA,GIRODI,,,,FINE,OMNI,
8/13/2024,1044,ASPLANCHNA HERRICKII,ROTIFERA,EUROTATORIA,MONOGONONTA,PLOIMA,,ASPLANCHNIDAE,,ASPLANCHNA,HERRICKII,,,,FINE,OMNI,
8/13/2024,1045,ASPLANCHNA PRIODONTA,ROTIFERA,EUROTATORIA,MONOGONONTA,PLOIMA,,ASPLANCHNIDAE,,ASPLANCHNA,PRIODONTA,,,,FINE,OMNI,
8/13/2024,1046,ASPLANCHNA SILVESTRII,ROTIFERA,EUROTATORIA,MONOGONONTA,PLOIMA,,ASPLANCHNIDAE,,ASPLANCHNA,SILVESTRII,,,,FINE,OMNI,
8/13/2024,1047,ASPLANCHNOPUS,ROTIFERA,EUROTATORIA,MONOGONONTA,PLOIMA,,ASPLANCHNIDAE,,ASPLANCHNOPUS,,,,,FINE,OMNI,
8/13/2024,1048,ASPLANCHNOPUS MULTICEPS,ROTIFERA,EUROTATORIA,MONOGONONTA,PLOIMA,,ASPLANCHNIDAE,,ASPLANCHNOPUS,MULTICEPS,,,,FINE,OMNI,
8/13/2024,1049,BALANUS,ARTHROPODA,MAXILLOPODA,THECOSTRACA,SESSILIA,BALANOMORPHA,BALANIDAE,,BALANUS,,,,,FINE,FILT,
8/13/2024,1050,BDELLOIDEA,ROTIFERA,EUROTATORIA,BDELLOIDEA,,,,,,,,,,FINE,HERB,
8/13/2024,1051,BIVALVIA,MOLLUSCA,BIVALVIA,,,,,,,,,,,FINE,FILT,
8/13/2024,1052,BOSMINA,ARTHROPODA,BRANCHIOPODA,PHYLLOPODA,DIPLOSTRACA,CLADOCERA,BOSMINIDAE,,BOSMINA,,,,SMALL,COARSE,HERB,
8/13/2024,1053,BOSMINA COREGONI,ARTHROPODA,BRANCHIOPODA,PHYLLOPODA,DIPLOSTRACA,CLADOCERA,BOSMINIDAE,,BOSMINA,COREGONI,,ALL,SMALL,COARSE,HERB,
8/13/2024,1054,BOSMINA LONGIROSTRIS,ARTHROPODA,BRANCHIOPODA,PHYLLOPODA,DIPLOSTRACA,CLADOCERA,BOSMINIDAE,,BOSMINA,LONGIROSTRIS,,,SMALL,COARSE,HERB,
8/13/2024,1055,BOSMINIDAE,ARTHROPODA,BRANCHIOPODA,PHYLLOPODA,DIPLOSTRACA,CLADOCERA,BOSMINIDAE,,,,,,SMALL,COARSE,HERB,
8/13/2024,1056,BOSMINOPSIS DEITERSI,ARTHROPODA,BRANCHIOPODA,PHYLLOPODA,DIPLOSTRACA,CLADOCERA,BOSMINIDAE,,BOSMINOPSIS,DEITERSI,,,SMALL,COARSE,HERB,
8/13/2024,1057,BRACHIONUS,ROTIFERA,EUROTATORIA,MONOGONONTA,PLOIMA,,BRACHIONIDAE,,BRACHIONUS,,,,,FINE,OMNI,
8/13/2024,1058,BRACHIONUS ANGULARIS,ROTIFERA,EUROTATORIA,MONOGONONTA,PLOIMA,,BRACHIONIDAE,,BRACHIONUS,ANGULARIS,,,,FINE,OMNI,
8/13/2024,1059,BRACHIONUS BIDENTATA,ROTIFERA,EUROTATORIA,MONOGONONTA,PLOIMA,,BRACHIONIDAE,,BRACHIONUS,BIDENTATA,,,,FINE,OMNI,
8/13/2024,1060,BRACHIONUS BUDAPESTINENSIS,ROTIFERA,EUROTATORIA,MONOGONONTA,PLOIMA,,BRACHIONIDAE,,BRACHIONUS,BUDAPESTINENSIS,,,,FINE,OMNI,
8/13/2024,1061,BRACHIONUS CALYCIFLORUS,ROTIFERA,EUROTATORIA,MONOGONONTA,PLOIMA,,BRACHIONIDAE,,BRACHIONUS,CALYCIFLORUS,,,,FINE,OMNI,
8/13/2024,1062,BRACHIONUS CAUDATUS,ROTIFERA,EUROTATORIA,MONOGONONTA,PLOIMA,,BRACHIONIDAE,,BRACHIONUS,CAUDATUS,,,,FINE,OMNI,
8/13/2024,1063,BRACHIONUS CAUDATUS PERSONATA,ROTIFERA,EUROTATORIA,MONOGONONTA,PLOIMA,,BRACHIONIDAE,,BRACHIONUS,CAUDATUS,PERSONATA,,,FINE,OMNI,
8/13/2024,1064,BRACHIONUS DIMIDIATUS,ROTIFERA,EUROTATORIA,MONOGONONTA,PLOIMA,,BRACHIONIDAE,,BRACHIONUS,DIMIDIATUS,,,,FINE,OMNI,
8/13/2024,1065,BRACHIONUS FALCATUS,ROTIFERA,EUROTATORIA,MONOGONONTA,PLOIMA,,BRACHIONIDAE,,BRACHIONUS,FALCATUS,,,,FINE,OMNI,
8/13/2024,1066,BRACHIONUS FORFICULA,ROTIFERA,EUROTATORIA,MONOGONONTA,PLOIMA,,BRACHIONIDAE,,BRACHIONUS,FORFICULA,,,,FINE,OMNI,
8/13/2024,1067,BRACHIONUS HAVANAENSIS,ROTIFERA,EUROTATORIA,MONOGONONTA,PLOIMA,,BRACHIONIDAE,,BRACHIONUS,HAVANAENSIS,,,,FINE,OMNI,
8/13/2024,1068,BRACHIONUS NILSONI,ROTIFERA,EUROTATORIA,MONOGONONTA,PLOIMA,,BRACHIONIDAE,,BRACHIONUS,NILSONI,,,,FINE,OMNI,
8/13/2024,1069,BRACHIONUS NOVAE-ZELANDIAE,ROTIFERA,EUROTATORIA,MONOGONONTA,PLOIMA,,BRACHIONIDAE,,BRACHIONUS,NOVAE-ZELANDIAE,,,,FINE,OMNI,
8/13/2024,1070,BRACHIONUS PATULUS,ROTIFERA,EUROTATORIA,MONOGONONTA,PLOIMA,,BRACHIONIDAE,,BRACHIONUS,PATULUS,,,,FINE,OMNI,
8/13/2024,1071,BRACHIONUS PLICATILIS,ROTIFERA,EUROTATORIA,MONOGONONTA,PLOIMA,,BRACHIONIDAE,,BRACHIONUS,PLICATILIS,,,,FINE,OMNI,
8/13/2024,1072,BRACHIONUS QUADRIDENTATUS,ROTIFERA,EUROTATORIA,MONOGONONTA,PLOIMA,,BRACHIONIDAE,,BRACHIONUS,QUADRIDENTATUS,,,,FINE,OMNI,
8/13/2024,1073,BRACHIONUS QUADRIDENTATUS BREVISPINUS,ROTIFERA,EUROTATORIA,MONOGONONTA,PLOIMA,,BRACHIONIDAE,,BRACHIONUS,QUADRIDENTATUS,BREVISPINUS,,,FINE,OMNI,
8/13/2024,1074,BRACHIONUS QUADRIDENTATUS MELHENI,ROTIFERA,EUROTATORIA,MONOGONONTA,PLOIMA,,BRACHIONIDAE,,BRACHIONUS,QUADRIDENTATUS,MELHENI,,,FINE,OMNI,
8/13/2024,1075,BRACHIONUS RUBENS,ROTIFERA,EUROTATORIA,MONOGONONTA,PLOIMA,,BRACHIONIDAE,,BRACHIONUS,RUBENS,,,,FINE,OMNI,
8/13/2024,1076,BRACHIONUS SATANICUS,ROTIFERA,EUROTATORIA,MONOGONONTA,PLOIMA,,BRACHIONIDAE,,BRACHIONUS,SATANICUS,,,,FINE,OMNI,
8/13/2024,1077,BRACHIONUS URCEOLARIS,ROTIFERA,EUROTATORIA,MONOGONONTA,PLOIMA,,BRACHIONIDAE,,BRACHIONUS,URCEOLARIS,,,,FINE,OMNI,
8/13/2024,1078,BRACHIONUS VARIABILIS,ROTIFERA,EUROTATORIA,MONOGONONTA,PLOIMA,,BRACHIONIDAE,,BRACHIONUS,VARIABILIS,,,,FINE,OMNI,
8/13/2024,1079,BRACHIONUS ZAHNISERI,ROTIFERA,EUROTATORIA,MONOGONONTA,PLOIMA,,BRACHIONIDAE,,BRACHIONUS,ZAHNISERI,,,,FINE,OMNI,
8/13/2024,1080,CALANOIDA,ARTHROPODA,MAXILLOPODA,COPEPODA,CALANOIDA,,,,,,,,,COARSE,HERB,
8/13/2024,1081,CAMPTOCERCUS,ARTHROPODA,BRANCHIOPODA,PHYLLOPODA,DIPLOSTRACA,CLADOCERA,CHYDORIDAE,,CAMPTOCERCUS,,,,SMALL,COARSE,HERB,
8/13/2024,1082,CAMPTOCERCUS OKLAHOMENSIS,ARTHROPODA,BRANCHIOPODA,PHYLLOPODA,DIPLOSTRACA,CLADOCERA,CHYDORIDAE,,CAMPTOCERCUS,OKLAHOMENSIS,,,SMALL,COARSE,HERB,
8/13/2024,1083,CAMPTOCERCUS RECTIROSTRIS,ARTHROPODA,BRANCHIOPODA,PHYLLOPODA,DIPLOSTRACA,CLADOCERA,CHYDORIDAE,,CAMPTOCERCUS,RECTIROSTRIS,,,SMALL,COARSE,HERB,
8/13/2024,1084,CEPHALODELLA,ROTIFERA,EUROTATORIA,MONOGONONTA,PLOIMA,,NOTOMMATIDAE,,CEPHALODELLA,,,,,FINE,OMNI,
8/13/2024,1085,CEPHALODELLA FORFICULA,ROTIFERA,EUROTATORIA,MONOGONONTA,PLOIMA,,NOTOMMATIDAE,,CEPHALODELLA,FORFICULA,,,,FINE,OMNI,
8/13/2024,1086,CEPHALODELLA GIBBA,ROTIFERA,EUROTATORIA,MONOGONONTA,PLOIMA,,NOTOMMATIDAE,,CEPHALODELLA,GIBBA,,,,FINE,OMNI,
8/13/2024,1087,CERCOPAGIS PENGOI,ARTHROPODA,BRANCHIOPODA,PHYLLOPODA,DIPLOSTRACA,CLADOCERA,CERCOPAGIDIDAE,,CERCOPAGIS,PENGOI,,ALL,LARGE,COARSE,PRED,
8/13/2024,1088,CERIODAPHNIA,ARTHROPODA,BRANCHIOPODA,PHYLLOPODA,DIPLOSTRACA,CLADOCERA,DAPHNIIDAE,,CERIODAPHNIA,,,,SMALL,COARSE,HERB,
8/13/2024,1089,CERIODAPHNIA CORNUTA,ARTHROPODA,BRANCHIOPODA,PHYLLOPODA,DIPLOSTRACA,CLADOCERA,DAPHNIIDAE,,CERIODAPHNIA,CORNUTA,,,SMALL,COARSE,HERB,
8/13/2024,1090,CERIODAPHNIA DUBIA,ARTHROPODA,BRANCHIOPODA,PHYLLOPODA,DIPLOSTRACA,CLADOCERA,DAPHNIIDAE,,CERIODAPHNIA,DUBIA,,,SMALL,COARSE,HERB,
8/13/2024,1091,CERIODAPHNIA LACUSTRIS,ARTHROPODA,BRANCHIOPODA,PHYLLOPODA,DIPLOSTRACA,CLADOCERA,DAPHNIIDAE,,CERIODAPHNIA,LACUSTRIS,,,SMALL,COARSE,HERB,
8/13/2024,1092,CERIODAPHNIA QUADRANGULA,ARTHROPODA,BRANCHIOPODA,PHYLLOPODA,DIPLOSTRACA,CLADOCERA,DAPHNIIDAE,,CERIODAPHNIA,QUADRANGULA,,,SMALL,COARSE,HERB,
8/13/2024,1093,CERIODAPHNIA RETICULATA,ARTHROPODA,BRANCHIOPODA,PHYLLOPODA,DIPLOSTRACA,CLADOCERA,DAPHNIIDAE,,CERIODAPHNIA,RETICULATA,,,SMALL,COARSE,HERB,
8/13/2024,1094,CHAOBORUS,ARTHROPODA,INSECTA,PTERYGOTA,DIPTERA,NEMATOCERA,CHAOBORIDAE,CHAOBORINAE,CHAOBORUS,,,,,COARSE,PRED,
8/13/2024,1095,CHYDORIDAE,ARTHROPODA,BRANCHIOPODA,PHYLLOPODA,DIPLOSTRACA,CLADOCERA,CHYDORIDAE,,,,,,SMALL,COARSE,HERB,
8/13/2024,1096,CHYDORUS,ARTHROPODA,BRANCHIOPODA,PHYLLOPODA,DIPLOSTRACA,CLADOCERA,CHYDORIDAE,,CHYDORUS,,,,SMALL,FINE,HERB,
8/13/2024,1097,CHYDORUS BICORNUTUS,ARTHROPODA,BRANCHIOPODA,PHYLLOPODA,DIPLOSTRACA,CLADOCERA,CHYDORIDAE,,CHYDORUS,BICORNUTUS,,,SMALL,COARSE,HERB,
8/13/2024,1098,CHYDORUS SPHAERICUS,ARTHROPODA,BRANCHIOPODA,PHYLLOPODA,DIPLOSTRACA,CLADOCERA,CHYDORIDAE,,CHYDORUS,SPHAERICUS,,,SMALL,COARSE,HERB,
8/13/2024,1099,CLADOCERA,ARTHROPODA,BRANCHIOPODA,PHYLLOPODA,DIPLOSTRACA,CLADOCERA,,,,,,,SMALL,COARSE,HERB,
8/13/2024,1100,COLLOTHECA,ROTIFERA,EUROTATORIA,MONOGONONTA,COLLOTHECACEAE,,COLLOTHECIDAE,,COLLOTHECA,,,,,FINE,PRED,
8/13/2024,1101,COLLOTHECA LIBERA,ROTIFERA,EUROTATORIA,MONOGONONTA,COLLOTHECACEAE,,COLLOTHECIDAE,,COLLOTHECA,LIBERA,,,,FINE,PRED,
8/13/2024,1102,COLLOTHECA MUTABILIS,ROTIFERA,EUROTATORIA,MONOGONONTA,COLLOTHECACEAE,,COLLOTHECIDAE,,COLLOTHECA,MUTABILIS,,,,FINE,PRED,
8/13/2024,1103,COLLOTHECA ORNATA,ROTIFERA,EUROTATORIA,MONOGONONTA,COLLOTHECACEAE,,COLLOTHECIDAE,,COLLOTHECA,ORNATA,,,,FINE,PRED,
8/13/2024,1104,COLLOTHECA ORNATA NATANS,ROTIFERA,EUROTATORIA,MONOGONONTA,COLLOTHECACEAE,,COLLOTHECIDAE,,COLLOTHECA,ORNATA,NATANS,,,FINE,PRED,
8/13/2024,1105,COLLOTHECA PELAGICA,ROTIFERA,EUROTATORIA,MONOGONONTA,COLLOTHECACEAE,,COLLOTHECIDAE,,COLLOTHECA,PELAGICA,,,,FINE,PRED,
8/13/2024,1106,COLLOTHECA TRILOBA,ROTIFERA,EUROTATORIA,MONOGONONTA,COLLOTHECACEAE,,COLLOTHECIDAE,,COLLOTHECA,TRILOBA,,,,FINE,PRED,
8/13/2024,1107,COLURELLA,ROTIFERA,EUROTATORIA,MONOGONONTA,PLOIMA,,LEPADELLIDAE,,COLURELLA,,,,,FINE,HERB,
8/13/2024,1108,COLURELLA ADRIATICA,ROTIFERA,EUROTATORIA,MONOGONONTA,PLOIMA,,LEPADELLIDAE,,COLURELLA,ADRIATICA,,,,FINE,HERB,
8/13/2024,1109,COLURELLA HINDENBURGI,ROTIFERA,EUROTATORIA,MONOGONONTA,PLOIMA,,LEPADELLIDAE,,COLURELLA,HINDENBURGI,,,,FINE,HERB,
8/13/2024,1110,COLURELLA OBLONGA,ROTIFERA,EUROTATORIA,MONOGONONTA,PLOIMA,,LEPADELLIDAE,,COLURELLA,OBLONGA,,,,FINE,HERB,
8/13/2024,1111,COLURELLA UNCINATA,ROTIFERA,EUROTATORIA,MONOGONONTA,PLOIMA,,LEPADELLIDAE,,COLURELLA,UNCINATA,,,,FINE,HERB,
8/13/2024,1112,COLURELLA UNCINATA BICUSPIDATA,ROTIFERA,EUROTATORIA,MONOGONONTA,PLOIMA,,LEPADELLIDAE,,COLURELLA,UNCINATA,BICUSPIDATA,,,FINE,HERB,
8/13/2024,1113,CONOCHILOIDES,ROTIFERA,EUROTATORIA,MONOGONONTA,FLOSCULARIACEAE,,CONOCHILIDAE,,CONOCHILOIDES,,,,,FINE,HERB,
8/13/2024,1114,CONOCHILOIDES COENOBASIS,ROTIFERA,EUROTATORIA,MONOGONONTA,FLOSCULARIACEAE,,CONOCHILIDAE,,CONOCHILOIDES,COENOBASIS,,,,FINE,HERB,
8/13/2024,1115,CONOCHILOIDES DOSSUARIUS,ROTIFERA,EUROTATORIA,MONOGONONTA,FLOSCULARIACEAE,,CONOCHILIDAE,,CONOCHILOIDES,DOSSUARIUS,,,,FINE,HERB,
8/13/2024,1116,CONOCHILOIDES NATANS,ROTIFERA,EUROTATORIA,MONOGONONTA,FLOSCULARIACEAE,,CONOCHILIDAE,,CONOCHILOIDES,NATANS,,,,FINE,HERB,
8/13/2024,1117,CONOCHILUS,ROTIFERA,EUROTATORIA,MONOGONONTA,FLOSCULARIACEAE,,CONOCHILIDAE,,CONOCHILUS,,,,,FINE,HERB,
8/13/2024,1118,CONOCHILUS HIPPOCREPIS,ROTIFERA,EUROTATORIA,MONOGONONTA,FLOSCULARIACEAE,,CONOCHILIDAE,,CONOCHILUS,HIPPOCREPIS,,,,FINE,HERB,
8/13/2024,1119,CONOCHILUS UNICORNIS,ROTIFERA,EUROTATORIA,MONOGONONTA,FLOSCULARIACEAE,,CONOCHILIDAE,,CONOCHILUS,UNICORNIS,,,,FINE,HERB,
8/13/2024,1120,COPEPODA,ARTHROPODA,MAXILLOPODA,COPEPODA,,,,,,,,,,FINE,UNK,
8/13/2024,1121,CYCLOPOIDA,ARTHROPODA,MAXILLOPODA,COPEPODA,CYCLOPOIDA,,,,,,,,,COARSE,UNK,
8/13/2024,1122,CYCLOPS SCUTIFER,ARTHROPODA,MAXILLOPODA,COPEPODA,CYCLOPOIDA,,CYCLOPIDAE,,CYCLOPS,SCUTIFER,,,,COARSE,OMNI,
8/13/2024,1123,CYPRIDIDAE,ARTHROPODA,OSTRACODA,PODOCOPA,PODOCOPIDA,,CYPRIDIDAE,,,,,,,COARSE,,
8/13/2024,1124,DAPHNIA,ARTHROPODA,BRANCHIOPODA,PHYLLOPODA,DIPLOSTRACA,CLADOCERA,DAPHNIIDAE,,DAPHNIA,,,,LARGE,COARSE,OMNI,
8/13/2024,1125,DAPHNIA AMBIGUA,ARTHROPODA,BRANCHIOPODA,PHYLLOPODA,DIPLOSTRACA,CLADOCERA,DAPHNIIDAE,,DAPHNIA,AMBIGUA,,,LARGE,COARSE,HERB,
8/13/2024,1126,DAPHNIA CATAWBA,ARTHROPODA,BRANCHIOPODA,PHYLLOPODA,DIPLOSTRACA,CLADOCERA,DAPHNIIDAE,,DAPHNIA,CATAWBA,,,LARGE,COARSE,HERB,
8/13/2024,1127,DAPHNIA DENTIFERA,ARTHROPODA,BRANCHIOPODA,PHYLLOPODA,DIPLOSTRACA,CLADOCERA,DAPHNIIDAE,,DAPHNIA,DENTIFERA,,,LARGE,COARSE,HERB,
8/13/2024,1128,DAPHNIA DUBIA,ARTHROPODA,BRANCHIOPODA,PHYLLOPODA,DIPLOSTRACA,CLADOCERA,DAPHNIIDAE,,DAPHNIA,DUBIA,,,LARGE,COARSE,HERB,
8/13/2024,1129,DAPHNIA EXILIS,ARTHROPODA,BRANCHIOPODA,PHYLLOPODA,DIPLOSTRACA,CLADOCERA,DAPHNIIDAE,,DAPHNIA,EXILIS,,,LARGE,COARSE,HERB,
8/13/2024,1130,DAPHNIA GALEATA,ARTHROPODA,BRANCHIOPODA,PHYLLOPODA,DIPLOSTRACA,CLADOCERA,DAPHNIIDAE,,DAPHNIA,GALEATA,,,LARGE,COARSE,HERB,
8/13/2024,1131,DAPHNIA GALEATA MENDOTAE,ARTHROPODA,BRANCHIOPODA,PHYLLOPODA,DIPLOSTRACA,CLADOCERA,DAPHNIIDAE,,DAPHNIA,GALEATA,MENDOTAE,,LARGE,COARSE,HERB,
8/13/2024,1132,DAPHNIA LAEVIS,ARTHROPODA,BRANCHIOPODA,PHYLLOPODA,DIPLOSTRACA,CLADOCERA,DAPHNIIDAE,,DAPHNIA,LAEVIS,,,LARGE,COARSE,HERB,
8/13/2024,1133,DAPHNIA LONGIREMIS,ARTHROPODA,BRANCHIOPODA,PHYLLOPODA,DIPLOSTRACA,CLADOCERA,DAPHNIIDAE,,DAPHNIA,LONGIREMIS,,,LARGE,COARSE,HERB,
8/13/2024,1134,DAPHNIA LUMHOLTZI,ARTHROPODA,BRANCHIOPODA,PHYLLOPODA,DIPLOSTRACA,CLADOCERA,DAPHNIIDAE,,DAPHNIA,LUMHOLTZI,,ALL,LARGE,COARSE,HERB,
8/13/2024,1135,DAPHNIA MAGNA,ARTHROPODA,BRANCHIOPODA,PHYLLOPODA,DIPLOSTRACA,CLADOCERA,DAPHNIIDAE,,DAPHNIA,MAGNA,,,LARGE,COARSE,HERB,
8/13/2024,1136,DAPHNIA MIDDENDORFFIANA,ARTHROPODA,BRANCHIOPODA,PHYLLOPODA,DIPLOSTRACA,CLADOCERA,DAPHNIIDAE,,DAPHNIA,MIDDENDORFFIANA,,,LARGE,COARSE,HERB,
8/13/2024,1137,DAPHNIA MINNEHAHA,ARTHROPODA,BRANCHIOPODA,PHYLLOPODA,DIPLOSTRACA,CLADOCERA,DAPHNIIDAE,,DAPHNIA,MINNEHAHA,,,LARGE,COARSE,HERB,
8/13/2024,1138,DAPHNIA PARVULA,ARTHROPODA,BRANCHIOPODA,PHYLLOPODA,DIPLOSTRACA,CLADOCERA,DAPHNIIDAE,,DAPHNIA,PARVULA,,,LARGE,COARSE,HERB,
8/13/2024,1139,DAPHNIA PILEATA,ARTHROPODA,BRANCHIOPODA,PHYLLOPODA,DIPLOSTRACA,CLADOCERA,DAPHNIIDAE,,DAPHNIA,PILEATA,,,LARGE,COARSE,HERB,
8/13/2024,1140,DAPHNIA PROLATA,ARTHROPODA,BRANCHIOPODA,PHYLLOPODA,DIPLOSTRACA,CLADOCERA,DAPHNIIDAE,,DAPHNIA,PROLATA,,,LARGE,COARSE,HERB,
8/13/2024,1141,DAPHNIA PULEX,ARTHROPODA,BRANCHIOPODA,PHYLLOPODA,DIPLOSTRACA,CLADOCERA,DAPHNIIDAE,,DAPHNIA,PULEX,,,LARGE,COARSE,HERB,
8/13/2024,1142,DAPHNIA PULICARIA,ARTHROPODA,BRANCHIOPODA,PHYLLOPODA,DIPLOSTRACA,CLADOCERA,DAPHNIIDAE,,DAPHNIA,PULICARIA,,,LARGE,COARSE,HERB,
8/13/2024,1143,DAPHNIA RETROCURVA,ARTHROPODA,BRANCHIOPODA,PHYLLOPODA,DIPLOSTRACA,CLADOCERA,DAPHNIIDAE,,DAPHNIA,RETROCURVA,,,LARGE,COARSE,HERB,
8/13/2024,1144,DAPHNIA ROSEA,ARTHROPODA,BRANCHIOPODA,PHYLLOPODA,DIPLOSTRACA,CLADOCERA,DAPHNIIDAE,,DAPHNIA,ROSEA,,,LARGE,COARSE,HERB,
8/13/2024,1145,DAPHNIA SCHODLERI,ARTHROPODA,BRANCHIOPODA,PHYLLOPODA,DIPLOSTRACA,CLADOCERA,DAPHNIIDAE,,DAPHNIA,SCHODLERI,,,LARGE,COARSE,HERB,
8/13/2024,1146,DAPHNIA THORATA,ARTHROPODA,BRANCHIOPODA,PHYLLOPODA,DIPLOSTRACA,CLADOCERA,DAPHNIIDAE,,DAPHNIA,THORATA,,,LARGE,COARSE,HERB,
8/13/2024,1147,DIACYCLOPS LANGUIDOIDES,ARTHROPODA,MAXILLOPODA,COPEPODA,CYCLOPOIDA,,CYCLOPIDAE,,DIACYCLOPS,LANGUIDOIDES,,,,COARSE,OMNI,
8/13/2024,1148,DIACYCLOPS NAVUS,ARTHROPODA,MAXILLOPODA,COPEPODA,CYCLOPOIDA,,CYCLOPIDAE,,DIACYCLOPS,NAVUS,,,,COARSE,OMNI,
8/13/2024,1149,DIACYCLOPS THOMASI,ARTHROPODA,MAXILLOPODA,COPEPODA,CYCLOPOIDA,,CYCLOPIDAE,,DIACYCLOPS,THOMASI,,,,COARSE,OMNI,
8/13/2024,1150,DIAPHANOSOMA,ARTHROPODA,BRANCHIOPODA,PHYLLOPODA,DIPLOSTRACA,CLADOCERA,SIDIDAE,,DIAPHANOSOMA,,,,LARGE,COARSE,HERB,
8/13/2024,1151,DIAPHANOSOMA BIRGEI,ARTHROPODA,BRANCHIOPODA,PHYLLOPODA,DIPLOSTRACA,CLADOCERA,SIDIDAE,,DIAPHANOSOMA,BIRGEI,,,LARGE,COARSE,HERB,
8/13/2024,1152,DIAPHANOSOMA BRACHYURUM,ARTHROPODA,BRANCHIOPODA,PHYLLOPODA,DIPLOSTRACA,CLADOCERA,SIDIDAE,,DIAPHANOSOMA,BRACHYURUM,,,LARGE,COARSE,HERB,
8/13/2024,1153,DIAPTOMIDAE,ARTHROPODA,MAXILLOPODA,COPEPODA,CALANOIDA,,DIAPTOMIDAE,,,,,,,COARSE,HERB,
8/13/2024,1154,DIAPTOMUS DORSALIS,ARTHROPODA,MAXILLOPODA,COPEPODA,CALANOIDA,,DIAPTOMIDAE,,DIAPTOMUS,DORSALIS,,,,COARSE,HERB,
8/13/2024,1155,DIPLEUCHLANIS PROPATULA,ROTIFERA,EUROTATORIA,MONOGONONTA,PLOIMA,,EUCHLANIDAE,,DIPLEUCHLANIS,PROPATULA,,,,FINE,HERB,
8/13/2024,1156,DISPARALONA HAMATA,ARTHROPODA,BRANCHIOPODA,PHYLLOPODA,DIPLOSTRACA,CLADOCERA,CHYDORIDAE,,DISPARALONA,HAMATA,,,SMALL,COARSE,HERB,
8/13/2024,1157,DISSOTROCHA,ROTIFERA,EUROTATORIA,BDELLOIDEA,,,PHILODINIDAE,,DISSOTROCHA,,,,,FINE,HERB,
8/13/2024,1158,DISSOTROCHA ACULEATA,ROTIFERA,EUROTATORIA,BDELLOIDEA,,,PHILODINIDAE,,DISSOTROCHA,ACULEATA,,,,FINE,HERB,
8/13/2024,1159,DREISSENA,MOLLUSCA,BIVALVIA,HETERODONTA,VENEROIDA,,DREISSENIDAE,,DREISSENA,,,,,COARSE,HERB,
8/13/2024,1160,DREISSENA BUGENSIS,MOLLUSCA,BIVALVIA,HETERODONTA,VENEROIDA,,DREISSENIDAE,,DREISSENA,BUGENSIS,,,,COARSE,,
8/13/2024,1161,DREISSENA POLYMORPHA,MOLLUSCA,BIVALVIA,HETERODONTA,VENEROIDA,,DREISSENIDAE,,DREISSENA,POLYMORPHA,,ALL,,COARSE,HERB,
8/13/2024,1162,DREPANOTHRIX DENTATA,ARTHROPODA,BRANCHIOPODA,PHYLLOPODA,DIPLOSTRACA,CLADOCERA,MACROTHRICIDAE,,DREPANOTHRIX,DENTATA,,,LARGE,COARSE,HERB,
8/13/2024,1163,DUNHEVEDIA CRASSA,ARTHROPODA,BRANCHIOPODA,PHYLLOPODA,DIPLOSTRACA,CLADOCERA,CHYDORIDAE,,DUNHEVEDIA,CRASSA,,,SMALL,COARSE,HERB,
8/13/2024,1164,ENCENTRUM,ROTIFERA,EUROTATORIA,MONOGONONTA,PLOIMA,,DICRANOPHORIDAE,,ENCENTRUM,,,,,FINE,OMNI,
8/13/2024,1165,EPIPHANES,ROTIFERA,EUROTATORIA,MONOGONONTA,PLOIMA,,EPIPHANIDAE,,EPIPHANES,,,,,FINE,OMNI,
8/13/2024,1166,EPIPHANES CLAVATULA,ROTIFERA,EUROTATORIA,MONOGONONTA,PLOIMA,,EPIPHANIDAE,,EPIPHANES,CLAVATULA,,,,FINE,OMNI,
8/13/2024,1167,EPIPHANES MACROURA,ROTIFERA,EUROTATORIA,MONOGONONTA,PLOIMA,,EPIPHANIDAE,,EPIPHANES,MACROURA,,,,FINE,OMNI,
8/13/2024,1168,EPIPHANES PELAGICA,ROTIFERA,EUROTATORIA,MONOGONONTA,PLOIMA,,EPIPHANIDAE,,EPIPHANES,PELAGICA,,,,FINE,OMNI,
8/13/2024,1169,EPISCHURA,ARTHROPODA,MAXILLOPODA,COPEPODA,CALANOIDA,,TEMORIDAE,,EPISCHURA,,,,,COARSE,OMNI,
8/13/2024,1170,EPISCHURA FLUVIATILIS,ARTHROPODA,MAXILLOPODA,COPEPODA,CALANOIDA,,TEMORIDAE,,EPISCHURA,FLUVIATILIS,,,,COARSE,OMNI,
8/13/2024,1171,EPISCHURA LACUSTRIS,ARTHROPODA,MAXILLOPODA,COPEPODA,CALANOIDA,,TEMORIDAE,,EPISCHURA,LACUSTRIS,,,,COARSE,OMNI,
8/13/2024,1172,EPISCHURA NEVADENSIS,ARTHROPODA,MAXILLOPODA,COPEPODA,CALANOIDA,,TEMORIDAE,,EPISCHURA,NEVADENSIS,,,,COARSE,OMNI,
8/13/2024,1173,EPISCHURA NORDENSKIOLDI,ARTHROPODA,MAXILLOPODA,COPEPODA,CALANOIDA,,TEMORIDAE,,EPISCHURA,NORDENSKIOLDI,,,,COARSE,OMNI,
8/13/2024,1174,ERGASILIDAE,ARTHROPODA,MAXILLOPODA,COPEPODA,POECILOSTOMATOIDA,,ERGASILIDAE,,,,,,,COARSE,OMNI,
8/13/2024,1175,ERGASILUS,ARTHROPODA,MAXILLOPODA,COPEPODA,POECILOSTOMATOIDA,,ERGASILIDAE,,ERGASILUS,,,,,COARSE,OMNI,
8/13/2024,1176,ERGASILUS ARTHROSIS,ARTHROPODA,MAXILLOPODA,COPEPODA,POECILOSTOMATOIDA,,ERGASILIDAE,,ERGASILUS,ARTHROSIS,,,,COARSE,OMNI,
8/13/2024,1177,ERGASILUS MEGACEROS,ARTHROPODA,MAXILLOPODA,COPEPODA,POECILOSTOMATOIDA,,ERGASILIDAE,,ERGASILUS,MEGACEROS,,,,COARSE,OMNI,
8/13/2024,1178,ERGASILUS VERSICOLOR,ARTHROPODA,MAXILLOPODA,COPEPODA,POECILOSTOMATOIDA,,ERGASILIDAE,,ERGASILUS,VERSICOLOR,,,,COARSE,OMNI,
8/13/2024,1179,EUBOSMINA,ARTHROPODA,BRANCHIOPODA,PHYLLOPODA,DIPLOSTRACA,CLADOCERA,BOSMINIDAE,,EUBOSMINA,,,,SMALL,COARSE,HERB,
8/13/2024,1180,EUBOSMINA COREGONI,ARTHROPODA,BRANCHIOPODA,PHYLLOPODA,DIPLOSTRACA,CLADOCERA,BOSMINIDAE,,EUBOSMINA,COREGONI,,,SMALL,COARSE,HERB,
8/13/2024,1181,EUBOSMINA HAGMANNI,ARTHROPODA,BRANCHIOPODA,PHYLLOPODA,DIPLOSTRACA,CLADOCERA,BOSMINIDAE,,EUBOSMINA,HAGMANNI,,,SMALL,COARSE,HERB,
8/13/2024,1182,EUBOSMINA LONGISPINA,ARTHROPODA,BRANCHIOPODA,PHYLLOPODA,DIPLOSTRACA,CLADOCERA,BOSMINIDAE,,EUBOSMINA,LONGISPINA,,,SMALL,COARSE,HERB,
8/13/2024,1183,EUBOSMINA TUBICEN,ARTHROPODA,BRANCHIOPODA,PHYLLOPODA,DIPLOSTRACA,CLADOCERA,BOSMINIDAE,,EUBOSMINA,TUBICEN,,,SMALL,COARSE,HERB,
8/13/2024,1184,EUCHLANIS,ROTIFERA,EUROTATORIA,MONOGONONTA,PLOIMA,,EUCHLANIDAE,,EUCHLANIS,,,,,FINE,HERB,
8/13/2024,1185,EUCHLANIS ALATA,ROTIFERA,EUROTATORIA,MONOGONONTA,PLOIMA,,EUCHLANIDAE,,EUCHLANIS,ALATA,,,,FINE,HERB,
8/13/2024,1186,EUCHLANIS CALPIDIA,ROTIFERA,EUROTATORIA,MONOGONONTA,PLOIMA,,EUCHLANIDAE,,EUCHLANIS,CALPIDIA,,,,FINE,HERB,
8/13/2024,1187,EUCHLANIS DILATATA,ROTIFERA,EUROTATORIA,MONOGONONTA,PLOIMA,,EUCHLANIDAE,,EUCHLANIS,DILATATA,,,,FINE,HERB,
8/13/2024,1188,EUCHLANIS MENETA,ROTIFERA,EUROTATORIA,MONOGONONTA,PLOIMA,,EUCHLANIDAE,,EUCHLANIS,MENETA,,,,FINE,HERB,
8/13/2024,1189,EUCHLANIS PARVA,ROTIFERA,EUROTATORIA,MONOGONONTA,PLOIMA,,EUCHLANIDAE,,EUCHLANIS,PARVA,,,,FINE,HERB,
8/13/2024,1190,EUCHLANIS PROPATULA,ROTIFERA,EUROTATORIA,MONOGONONTA,PLOIMA,,EUCHLANIDAE,,EUCHLANIS,PROPATULA,,,,FINE,HERB,
8/13/2024,1191,EUCHLANIS TRIQUETRA,ROTIFERA,EUROTATORIA,MONOGONONTA,PLOIMA,,EUCHLANIDAE,,EUCHLANIS,TRIQUETRA,,,,FINE,HERB,
8/13/2024,1192,EUCYCLOPS,ARTHROPODA,MAXILLOPODA,COPEPODA,CYCLOPOIDA,,CYCLOPIDAE,,EUCYCLOPS,,,,,COARSE,OMNI,
8/13/2024,1193,EUCYCLOPS AGILIS,ARTHROPODA,MAXILLOPODA,COPEPODA,CYCLOPOIDA,,CYCLOPIDAE,,EUCYCLOPS,AGILIS,,,,COARSE,OMNI,
8/13/2024,1194,EUCYCLOPS AGILIS MONTANUS,ARTHROPODA,MAXILLOPODA,COPEPODA,CYCLOPOIDA,,CYCLOPIDAE,,EUCYCLOPS,AGILIS,MONTANUS,,,COARSE,OMNI,
8/13/2024,1195,EUCYCLOPS ELEGANS,ARTHROPODA,MAXILLOPODA,COPEPODA,CYCLOPOIDA,,CYCLOPIDAE,,EUCYCLOPS,ELEGANS,,,,COARSE,OMNI,
8/13/2024,1196,EUCYCLOPS PECTINIFER,ARTHROPODA,MAXILLOPODA,COPEPODA,CYCLOPOIDA,,CYCLOPIDAE,,EUCYCLOPS,PECTINIFER,,,,COARSE,OMNI,
8/13/2024,1197,EUCYCLOPS PRIONOPHORUS,ARTHROPODA,MAXILLOPODA,COPEPODA,CYCLOPOIDA,,CYCLOPIDAE,,EUCYCLOPS,PRIONOPHORUS,,,,COARSE,OMNI,
8/13/2024,1198,EURYCERCUS LAMELLATUS,ARTHROPODA,BRANCHIOPODA,PHYLLOPODA,DIPLOSTRACA,CLADOCERA,CHYDORIDAE,,EURYCERCUS,LAMELLATUS,,,SMALL,COARSE,HERB,
8/13/2024,1199,EURYCERCUS LONGIROSTRIS,ARTHROPODA,BRANCHIOPODA,PHYLLOPODA,DIPLOSTRACA,CLADOCERA,CHYDORIDAE,,EURYCERCUS,LONGIROSTRIS,,,SMALL,COARSE,HERB,
8/13/2024,1200,EURYTEMORA AFFINIS,ARTHROPODA,MAXILLOPODA,COPEPODA,CALANOIDA,,TEMORIDAE,,EURYTEMORA,AFFINIS,,ALL,,COARSE,HERB,
8/13/2024,1201,FILINIA,ROTIFERA,EUROTATORIA,MONOGONONTA,FLOSCULARIACEAE,,FILINIIDAE,,FILINIA,,,,,FINE,OMNI,
8/13/2024,1202,FILINIA LIMNETICA,ROTIFERA,EUROTATORIA,MONOGONONTA,FLOSCULARIACEAE,,FILINIIDAE,,FILINIA,LIMNETICA,,,,FINE,OMNI,
8/13/2024,1203,FILINIA LONGISETA,ROTIFERA,EUROTATORIA,MONOGONONTA,FLOSCULARIACEAE,,FILINIIDAE,,FILINIA,LONGISETA,,,,FINE,OMNI,
8/13/2024,1204,FILINIA NOVAEZEALANDIAE,ROTIFERA,EUROTATORIA,MONOGONONTA,FLOSCULARIACEAE,,FILINIIDAE,,FILINIA,NOVAEZEALANDIAE,,,,FINE,OMNI,
8/13/2024,1205,FILINIA OPOLIENSIS,ROTIFERA,EUROTATORIA,MONOGONONTA,FLOSCULARIACEAE,,FILINIIDAE,,FILINIA,OPOLIENSIS,,,,FINE,OMNI,
8/13/2024,1206,FILINIA PEJLERI,ROTIFERA,EUROTATORIA,MONOGONONTA,FLOSCULARIACEAE,,FILINIIDAE,,FILINIA,PEJLERI,,,,FINE,OMNI,
8/13/2024,1207,FILINIA SALTATOR,ROTIFERA,EUROTATORIA,MONOGONONTA,FLOSCULARIACEAE,,FILINIIDAE,,FILINIA,SALTATOR,,,,FINE,OMNI,
8/13/2024,1208,FILINIA TERMINALIS,ROTIFERA,EUROTATORIA,MONOGONONTA,FLOSCULARIACEAE,,FILINIIDAE,,FILINIA,TERMINALIS,,,,FINE,OMNI,
8/13/2024,1209,FLOSCULARIIDAE,ROTIFERA,EUROTATORIA,MONOGONONTA,FLOSCULARIACEAE,,FLOSCULARIIDAE,,,,,,,FINE,HERB,
8/13/2024,1210,GASTROPUS,ROTIFERA,EUROTATORIA,MONOGONONTA,PLOIMA,,GASTROPODIDAE,,GASTROPUS,,,,,FINE,HERB,
8/13/2024,1211,GASTROPUS HYPTOPUS,ROTIFERA,EUROTATORIA,MONOGONONTA,PLOIMA,,GASTROPODIDAE,,GASTROPUS,HYPTOPUS,,,,FINE,HERB,
8/13/2024,1212,GASTROPUS MINOR,ROTIFERA,EUROTATORIA,MONOGONONTA,PLOIMA,,GASTROPODIDAE,,GASTROPUS,MINOR,,,,FINE,HERB,
8/13/2024,1213,GASTROPUS STYLIFER,ROTIFERA,EUROTATORIA,MONOGONONTA,PLOIMA,,GASTROPODIDAE,,GASTROPUS,STYLIFER,,,,FINE,HERB,
8/13/2024,1214,GRAPTOLEBERIS TESTUDINARIA,ARTHROPODA,BRANCHIOPODA,PHYLLOPODA,DIPLOSTRACA,CLADOCERA,CHYDORIDAE,,GRAPTOLEBERIS,TESTUDINARIA,,,SMALL,COARSE,HERB,
8/13/2024,1215,HARPACTICOIDA,ARTHROPODA,MAXILLOPODA,COPEPODA,HARPACTICOIDA,,,,,,,,,COARSE,HERB,
8/13/2024,1216,HARRINGIA,ROTIFERA,EUROTATORIA,MONOGONONTA,PLOIMA,,ASPLANCHNIDAE,,HARRINGIA,,,,,FINE,OMNI,
8/13/2024,1217,HEMIGRAPSUS SANGUINEUS,ARTHROPODA,MALACOSTRACA,EUMALACOSTRACA,DECAPODA,,VARUNIDAE,,HEMIGRAPSUS,SANGUINEUS,,,,COARSE,,Y
8/13/2024,1218,HESPERODIAPTOMUS,ARTHROPODA,MAXILLOPODA,COPEPODA,CALANOIDA,,DIAPTOMIDAE,,HESPERODIAPTOMUS,,,,,COARSE,HERB,
8/13/2024,1219,HESPERODIAPTOMUS KENAI,ARTHROPODA,MAXILLOPODA,COPEPODA,CALANOIDA,,DIAPTOMIDAE,,HESPERODIAPTOMUS,KENAI,,,,COARSE,HERB,
8/13/2024,1220,HESPERODIAPTOMUS NEVADENSIS,ARTHROPODA,MAXILLOPODA,COPEPODA,CALANOIDA,,DIAPTOMIDAE,,HESPERODIAPTOMUS,NEVADENSIS,,,,COARSE,HERB,
8/13/2024,1221,HETEROLEPADELLA EHRENBERGI,ROTIFERA,EUROTATORIA,MONOGONONTA,PLOIMA,,LEPADELLIDAE,,HETEROLEPADELLA,EHRENBERGI,,,,FINE,OMNI,
8/13/2024,1222,HEXARTHRA,ROTIFERA,EUROTATORIA,MONOGONONTA,FLOSCULARIACEAE,,HEXARTHRIDAE,,HEXARTHRA,,,,,FINE,OMNI,
8/13/2024,1223,HEXARTHRA FENNICA,ROTIFERA,EUROTATORIA,MONOGONONTA,FLOSCULARIACEAE,,HEXARTHRIDAE,,HEXARTHRA,FENNICA,,,,FINE,OMNI,
8/13/2024,1224,HEXARTHRA INTERMEDIA,ROTIFERA,EUROTATORIA,MONOGONONTA,FLOSCULARIACEAE,,HEXARTHRIDAE,,HEXARTHRA,INTERMEDIA,,,,FINE,OMNI,
8/13/2024,1225,HEXARTHRA INTERMEDIA BRASILIENSIS,ROTIFERA,EUROTATORIA,MONOGONONTA,FLOSCULARIACEAE,,HEXARTHRIDAE,,HEXARTHRA,INTERMEDIA,BRASILIENSIS,,,FINE,OMNI,
8/13/2024,1226,HEXARTHRA JENKINAE,ROTIFERA,EUROTATORIA,MONOGONONTA,FLOSCULARIACEAE,,HEXARTHRIDAE,,HEXARTHRA,JENKINAE,,,,FINE,OMNI,
8/13/2024,1227,HEXARTHRA MIRA,ROTIFERA,EUROTATORIA,MONOGONONTA,FLOSCULARIACEAE,,HEXARTHRIDAE,,HEXARTHRA,MIRA,,,,FINE,OMNI,
8/13/2024,1228,HEXARTHRA POLYDONTA SOAPLAKEIENSIS,ROTIFERA,EUROTATORIA,MONOGONONTA,FLOSCULARIACEAE,,HEXARTHRIDAE,,HEXARTHRA,POLYDONTA,SOAPLAKEIENSIS,,,FINE,OMNI,
8/13/2024,1229,HOLOPEDIUM,ARTHROPODA,BRANCHIOPODA,PHYLLOPODA,DIPLOSTRACA,CLADOCERA,HOLOPEDIIDAE,,HOLOPEDIUM,,,,LARGE,COARSE,HERB,
8/13/2024,1230,HOLOPEDIUM ACIDOPHILUM,ARTHROPODA,BRANCHIOPODA,PHYLLOPODA,DIPLOSTRACA,CLADOCERA,HOLOPEDIIDAE,,HOLOPEDIUM,ACIDOPHILUM,,,LARGE,COARSE,HERB,
8/13/2024,1231,HOLOPEDIUM ATLANTICUM,ARTHROPODA,BRANCHIOPODA,PHYLLOPODA,DIPLOSTRACA,CLADOCERA,HOLOPEDIIDAE,,HOLOPEDIUM,ATLANTICUM,,,LARGE,COARSE,HERB,
8/13/2024,1232,HOLOPEDIUM GIBBERUM,ARTHROPODA,BRANCHIOPODA,PHYLLOPODA,DIPLOSTRACA,CLADOCERA,HOLOPEDIIDAE,,HOLOPEDIUM,GIBBERUM,,,LARGE,COARSE,HERB,
8/13/2024,1233,HOLOPEDIUM GLACIALIS,ARTHROPODA,BRANCHIOPODA,PHYLLOPODA,DIPLOSTRACA,CLADOCERA,HOLOPEDIIDAE,,HOLOPEDIUM,GLACIALIS,,,LARGE,COARSE,HERB,
8/13/2024,1234,HYDRACARINA,ARTHROPODA,ARACHNIDA,ACARI,TROMBIDIFORMES,,,,,,,,,COARSE,,
8/13/2024,1235,ILYOCRYPTUS,ARTHROPODA,BRANCHIOPODA,PHYLLOPODA,DIPLOSTRACA,CLADOCERA,ILYOCRIPTIDAE,,ILYOCRYPTUS,,,,SMALL,COARSE,HERB,
8/13/2024,1236,ILYOCRYPTUS ACUTIFRONS,ARTHROPODA,BRANCHIOPODA,PHYLLOPODA,DIPLOSTRACA,CLADOCERA,ILYOCRIPTIDAE,,ILYOCRYPTUS,ACUTIFRONS,,,SMALL,COARSE,HERB,
8/13/2024,1237,ILYOCRYPTUS SORDIDUS,ARTHROPODA,BRANCHIOPODA,PHYLLOPODA,DIPLOSTRACA,CLADOCERA,ILYOCRIPTIDAE,,ILYOCRYPTUS,SORDIDUS,,,SMALL,COARSE,HERB,
8/13/2024,1238,ILYOCRYPTUS SPINIFER,ARTHROPODA,BRANCHIOPODA,PHYLLOPODA,DIPLOSTRACA,CLADOCERA,ILYOCRIPTIDAE,,ILYOCRYPTUS,SPINIFER,,,SMALL,COARSE,HERB,
8/13/2024,1239,KARUALONA KARUA,ARTHROPODA,BRANCHIOPODA,PHYLLOPODA,DIPLOSTRACA,CLADOCERA,CHYDORIDAE,,KARUALONA,KARUA,,,SMALL,COARSE,HERB,
8/13/2024,1240,KELLICOTTIA,ROTIFERA,EUROTATORIA,MONOGONONTA,PLOIMA,,BRACHIONIDAE,,KELLICOTTIA,,,,,FINE,OMNI,
8/13/2024,1241,KELLICOTTIA BOSTONIENSIS,ROTIFERA,EUROTATORIA,MONOGONONTA,PLOIMA,,BRACHIONIDAE,,KELLICOTTIA,BOSTONIENSIS,,,,FINE,OMNI,
8/13/2024,1242,KELLICOTTIA LONGISPINA,ROTIFERA,EUROTATORIA,MONOGONONTA,PLOIMA,,BRACHIONIDAE,,KELLICOTTIA,LONGISPINA,,,,FINE,OMNI,
8/13/2024,1243,KERATELLA,ROTIFERA,EUROTATORIA,MONOGONONTA,PLOIMA,,BRACHIONIDAE,,KERATELLA,,,,,FINE,HERB,
8/13/2024,1244,KERATELLA AMERICANA,ROTIFERA,EUROTATORIA,MONOGONONTA,PLOIMA,,BRACHIONIDAE,,KERATELLA,AMERICANA,,,,FINE,HERB,
8/13/2024,1245,KERATELLA COCHLEARIS,ROTIFERA,EUROTATORIA,MONOGONONTA,PLOIMA,,BRACHIONIDAE,,KERATELLA,COCHLEARIS,,,,FINE,HERB,
8/13/2024,1246,KERATELLA COCHLEARIS FALUTA,ROTIFERA,EUROTATORIA,MONOGONONTA,PLOIMA,,BRACHIONIDAE,,KERATELLA,COCHLEARIS,FALUTA,,,FINE,HERB,
8/13/2024,1247,KERATELLA COCHLEARIS HISPIDA,ROTIFERA,EUROTATORIA,MONOGONONTA,PLOIMA,,BRACHIONIDAE,,KERATELLA,COCHLEARIS,HISPIDA,,,FINE,HERB,
8/13/2024,1248,KERATELLA COCHLEARIS ROBUSTA,ROTIFERA,EUROTATORIA,MONOGONONTA,PLOIMA,,BRACHIONIDAE,,KERATELLA,COCHLEARIS,ROBUSTA,,,FINE,HERB,
8/13/2024,1249,KERATELLA COCHLEARIS TECTA,ROTIFERA,EUROTATORIA,MONOGONONTA,PLOIMA,,BRACHIONIDAE,,KERATELLA,COCHLEARIS,TECTA,,,FINE,HERB,
8/13/2024,1250,KERATELLA CRASSA,ROTIFERA,EUROTATORIA,MONOGONONTA,PLOIMA,,BRACHIONIDAE,,KERATELLA,CRASSA,,,,FINE,HERB,
8/13/2024,1251,KERATELLA EARLINAE,ROTIFERA,EUROTATORIA,MONOGONONTA,PLOIMA,,BRACHIONIDAE,,KERATELLA,EARLINAE,,,,FINE,HERB,
8/13/2024,1252,KERATELLA HIEMALIS,ROTIFERA,EUROTATORIA,MONOGONONTA,PLOIMA,,BRACHIONIDAE,,KERATELLA,HIEMALIS,,,,FINE,HERB,
8/13/2024,1253,KERATELLA MIXTA,ROTIFERA,EUROTATORIA,MONOGONONTA,PLOIMA,,BRACHIONIDAE,,KERATELLA,MIXTA,,,,FINE,HERB,
8/13/2024,1254,KERATELLA QUADRATA,ROTIFERA,EUROTATORIA,MONOGONONTA,PLOIMA,,BRACHIONIDAE,,KERATELLA,QUADRATA,,,,FINE,HERB,
8/13/2024,1255,KERATELLA QUADRATA DISPERSA,ROTIFERA,EUROTATORIA,MONOGONONTA,PLOIMA,,BRACHIONIDAE,,KERATELLA,QUADRATA,DISPERSA,,,FINE,HERB,
8/13/2024,1256,KERATELLA SERRULATA,ROTIFERA,EUROTATORIA,MONOGONONTA,PLOIMA,,BRACHIONIDAE,,KERATELLA,SERRULATA,,,,FINE,HERB,
8/13/2024,1257,KERATELLA SERRULATA CURVICORNIS,ROTIFERA,EUROTATORIA,MONOGONONTA,PLOIMA,,BRACHIONIDAE,,KERATELLA,SERRULATA,CURVICORNIS,,,FINE,HERB,
8/13/2024,1258,KERATELLA TAUROCEPHALA,ROTIFERA,EUROTATORIA,MONOGONONTA,PLOIMA,,BRACHIONIDAE,,KERATELLA,TAUROCEPHALA,,,,FINE,HERB,
8/13/2024,1259,KERATELLA TECTA,ROTIFERA,EUROTATORIA,MONOGONONTA,PLOIMA,,BRACHIONIDAE,,KERATELLA,TECTA,,,,FINE,HERB,
8/13/2024,1260,KERATELLA TESTUDO,ROTIFERA,EUROTATORIA,MONOGONONTA,PLOIMA,,BRACHIONIDAE,,KERATELLA,TESTUDO,,,,FINE,HERB,
8/13/2024,1261,KERATELLA TICINENSIS,ROTIFERA,EUROTATORIA,MONOGONONTA,PLOIMA,,BRACHIONIDAE,,KERATELLA,TICINENSIS,,,,FINE,HERB,
8/13/2024,1262,KERATELLA TROPICA,ROTIFERA,EUROTATORIA,MONOGONONTA,PLOIMA,,BRACHIONIDAE,,KERATELLA,TROPICA,,,,FINE,HERB,
8/13/2024,1263,KERATELLA VALGA,ROTIFERA,EUROTATORIA,MONOGONONTA,PLOIMA,,BRACHIONIDAE,,KERATELLA,VALGA,,,,FINE,HERB,
8/13/2024,1264,KURZIA LATISSIMA,ARTHROPODA,BRANCHIOPODA,PHYLLOPODA,DIPLOSTRACA,CLADOCERA,CHYDORIDAE,,KURZIA,LATISSIMA,,,SMALL,COARSE,HERB,
8/13/2024,1265,KURZIA MEDIA,ARTHROPODA,BRANCHIOPODA,PHYLLOPODA,DIPLOSTRACA,CLADOCERA,CHYDORIDAE,,KURZIA,MEDIA,,,SMALL,COARSE,HERB,
8/13/2024,1266,LATONOPSIS,ARTHROPODA,BRANCHIOPODA,PHYLLOPODA,DIPLOSTRACA,CLADOCERA,SIDIDAE,,LATONOPSIS,,,,LARGE,COARSE,HERB,
8/13/2024,1267,LECANE,ROTIFERA,EUROTATORIA,MONOGONONTA,PLOIMA,,LECANIDAE,,LECANE,,,,,FINE,HERB,
8/13/2024,1268,LECANE ARCULA,ROTIFERA,EUROTATORIA,MONOGONONTA,PLOIMA,,LECANIDAE,,LECANE,ARCULA,,,,FINE,HERB,
8/13/2024,1269,LECANE BRACHYDACTYLA,ROTIFERA,EUROTATORIA,MONOGONONTA,PLOIMA,,LECANIDAE,,LECANE,BRACHYDACTYLA,,,,FINE,HERB,
8/13/2024,1270,LECANE CLARA,ROTIFERA,EUROTATORIA,MONOGONONTA,PLOIMA,,LECANIDAE,,LECANE,CLARA,,,,FINE,HERB,
8/13/2024,1271,LECANE CREPIDA,ROTIFERA,EUROTATORIA,MONOGONONTA,PLOIMA,,LECANIDAE,,LECANE,CREPIDA,,,,FINE,HERB,
8/13/2024,1272,LECANE CURVICORNIS,ROTIFERA,EUROTATORIA,MONOGONONTA,PLOIMA,,LECANIDAE,,LECANE,CURVICORNIS,,,,FINE,HERB,
8/13/2024,1273,LECANE EUTARSA,ROTIFERA,EUROTATORIA,MONOGONONTA,PLOIMA,,LECANIDAE,,LECANE,EUTARSA,,,,FINE,HERB,
8/13/2024,1274,LECANE FLEXILIS,ROTIFERA,EUROTATORIA,MONOGONONTA,PLOIMA,,LECANIDAE,,LECANE,FLEXILIS,,,,FINE,HERB,
8/13/2024,1275,LECANE HASTATA,ROTIFERA,EUROTATORIA,MONOGONONTA,PLOIMA,,LECANIDAE,,LECANE,HASTATA,,,,FINE,HERB,
8/13/2024,1276,LECANE HORNEMANNI,ROTIFERA,EUROTATORIA,MONOGONONTA,PLOIMA,,LECANIDAE,,LECANE,HORNEMANNI,,,,FINE,HERB,
8/13/2024,1277,LECANE INERMIS,ROTIFERA,EUROTATORIA,MONOGONONTA,PLOIMA,,LECANIDAE,,LECANE,INERMIS,,,,FINE,HERB,
8/13/2024,1278,LECANE INTRASINUATA,ROTIFERA,EUROTATORIA,MONOGONONTA,PLOIMA,,LECANIDAE,,LECANE,INTRASINUATA,,,,FINE,HERB,
8/13/2024,1279,LECANE LEONTINA,ROTIFERA,EUROTATORIA,MONOGONONTA,PLOIMA,,LECANIDAE,,LECANE,LEONTINA,,,,FINE,HERB,
8/13/2024,1280,LECANE LUDWIGII,ROTIFERA,EUROTATORIA,MONOGONONTA,PLOIMA,,LECANIDAE,,LECANE,LUDWIGII,,,,FINE,HERB,
8/13/2024,1281,LECANE LUNA,ROTIFERA,EUROTATORIA,MONOGONONTA,PLOIMA,,LECANIDAE,,LECANE,LUNA,,,,FINE,HERB,
8/13/2024,1282,LECANE MIRA,ROTIFERA,EUROTATORIA,MONOGONONTA,PLOIMA,,LECANIDAE,,LECANE,MIRA,,,,FINE,HERB,
8/13/2024,1283,LECANE MUCRONATA,ROTIFERA,EUROTATORIA,MONOGONONTA,PLOIMA,,LECANIDAE,,LECANE,MUCRONATA,,,,FINE,HERB,
8/13/2024,1284,LECANE OHIOENSIS,ROTIFERA,EUROTATORIA,MONOGONONTA,PLOIMA,,LECANIDAE,,LECANE,OHIOENSIS,,,,FINE,HERB,
8/13/2024,1285,LECANE PAPUANA,ROTIFERA,EUROTATORIA,MONOGONONTA,PLOIMA,,LECANIDAE,,LECANE,PAPUANA,,,,FINE,HERB,
8/13/2024,1286,LECANE PERTICA,ROTIFERA,EUROTATORIA,MONOGONONTA,PLOIMA,,LECANIDAE,,LECANE,PERTICA,,,,FINE,HERB,
8/13/2024,1287,LECANE PUSILLA,ROTIFERA,EUROTATORIA,MONOGONONTA,PLOIMA,,LECANIDAE,,LECANE,PUSILLA,,,,FINE,HERB,
8/13/2024,1288,LECANE RHENANA,ROTIFERA,EUROTATORIA,MONOGONONTA,PLOIMA,,LECANIDAE,,LECANE,RHENANA,,,,FINE,HERB,
8/13/2024,1289,LECANE SIGNIFERA,ROTIFERA,EUROTATORIA,MONOGONONTA,PLOIMA,,LECANIDAE,,LECANE,SIGNIFERA,,,,FINE,HERB,
8/13/2024,1290,LECANE STENROOSI,ROTIFERA,EUROTATORIA,MONOGONONTA,PLOIMA,,LECANIDAE,,LECANE,STENROOSI,,,,FINE,HERB,
8/13/2024,1291,LECANE STICHAEA,ROTIFERA,EUROTATORIA,MONOGONONTA,PLOIMA,,LECANIDAE,,LECANE,STICHAEA,,,,FINE,HERB,
8/13/2024,1292,LECANE TENUISETA,ROTIFERA,EUROTATORIA,MONOGONONTA,PLOIMA,,LECANIDAE,,LECANE,TENUISETA,,,,FINE,HERB,
8/13/2024,1293,LECANE TUDICOLA,ROTIFERA,EUROTATORIA,MONOGONONTA,PLOIMA,,LECANIDAE,,LECANE,TUDICOLA,,,,FINE,HERB,
8/13/2024,1294,LECANE UNGULATA,ROTIFERA,EUROTATORIA,MONOGONONTA,PLOIMA,,LECANIDAE,,LECANE,UNGULATA,,,,FINE,HERB,
8/13/2024,1295,LEPADELLA,ROTIFERA,EUROTATORIA,MONOGONONTA,PLOIMA,,LEPADELLIDAE,,LEPADELLA,,,,,FINE,HERB,
8/13/2024,1296,LEPADELLA ACUMINATA,ROTIFERA,EUROTATORIA,MONOGONONTA,PLOIMA,,LEPADELLIDAE,,LEPADELLA,ACUMINATA,,,,FINE,HERB,
8/13/2024,1297,LEPADELLA COSTATA,ROTIFERA,EUROTATORIA,MONOGONONTA,PLOIMA,,LEPADELLIDAE,,LEPADELLA,COSTATA,,,,FINE,HERB,
8/13/2024,1298,LEPADELLA CRISTATA,ROTIFERA,EUROTATORIA,MONOGONONTA,PLOIMA,,LEPADELLIDAE,,LEPADELLA,CRISTATA,,,,FINE,HERB,
8/13/2024,1299,LEPADELLA EHRENBERGI,ROTIFERA,EUROTATORIA,MONOGONONTA,PLOIMA,,LEPADELLIDAE,,LEPADELLA,EHRENBERGI,,,,FINE,HERB,
8/13/2024,1300,LEPADELLA OVALIS,ROTIFERA,EUROTATORIA,MONOGONONTA,PLOIMA,,LEPADELLIDAE,,LEPADELLA,OVALIS,,,,FINE,HERB,
8/13/2024,1301,LEPADELLA PATELLA,ROTIFERA,EUROTATORIA,MONOGONONTA,PLOIMA,,LEPADELLIDAE,,LEPADELLA,PATELLA,,,,FINE,HERB,
8/13/2024,1302,LEPADELLA RHOMBOIDES,ROTIFERA,EUROTATORIA,MONOGONONTA,PLOIMA,,LEPADELLIDAE,,LEPADELLA,RHOMBOIDES,,,,FINE,HERB,
8/13/2024,1303,LEPTODIAPTOMUS,ARTHROPODA,MAXILLOPODA,COPEPODA,CALANOIDA,,DIAPTOMIDAE,,LEPTODIAPTOMUS,,,,,COARSE,HERB,
8/13/2024,1304,LEPTODIAPTOMUS ASHLANDI,ARTHROPODA,MAXILLOPODA,COPEPODA,CALANOIDA,,DIAPTOMIDAE,,LEPTODIAPTOMUS,ASHLANDI,,,,COARSE,HERB,
8/13/2024,1305,LEPTODIAPTOMUS COLORADENSIS,ARTHROPODA,MAXILLOPODA,COPEPODA,CALANOIDA,,DIAPTOMIDAE,,LEPTODIAPTOMUS,COLORADENSIS,,,,COARSE,HERB,
8/13/2024,1306,LEPTODIAPTOMUS CONNEXUS,ARTHROPODA,MAXILLOPODA,COPEPODA,CALANOIDA,,DIAPTOMIDAE,,LEPTODIAPTOMUS,CONNEXUS,,,,COARSE,HERB,
8/13/2024,1307,LEPTODIAPTOMUS JUDAYI,ARTHROPODA,MAXILLOPODA,COPEPODA,CALANOIDA,,DIAPTOMIDAE,,LEPTODIAPTOMUS,JUDAYI,,,,COARSE,HERB,
8/13/2024,1308,LEPTODIAPTOMUS MINUTUS,ARTHROPODA,MAXILLOPODA,COPEPODA,CALANOIDA,,DIAPTOMIDAE,,LEPTODIAPTOMUS,MINUTUS,,,,COARSE,HERB,
8/13/2024,1309,LEPTODIAPTOMUS NOVAMEXICANUS,ARTHROPODA,MAXILLOPODA,COPEPODA,CALANOIDA,,DIAPTOMIDAE,,LEPTODIAPTOMUS,NOVAMEXICANUS,,,,COARSE,HERB,
8/13/2024,1310,LEPTODIAPTOMUS NUDUS,ARTHROPODA,MAXILLOPODA,COPEPODA,CALANOIDA,,DIAPTOMIDAE,,LEPTODIAPTOMUS,NUDUS,,,,COARSE,HERB,
8/13/2024,1311,LEPTODIAPTOMUS SICILIS,ARTHROPODA,MAXILLOPODA,COPEPODA,CALANOIDA,,DIAPTOMIDAE,,LEPTODIAPTOMUS,SICILIS,,,,COARSE,HERB,
8/13/2024,1312,LEPTODIAPTOMUS SICILOIDES,ARTHROPODA,MAXILLOPODA,COPEPODA,CALANOIDA,,DIAPTOMIDAE,,LEPTODIAPTOMUS,SICILOIDES,,,,COARSE,HERB,
8/13/2024,1313,LEPTODIAPTOMUS SIGNICAUDA,ARTHROPODA,MAXILLOPODA,COPEPODA,CALANOIDA,,DIAPTOMIDAE,,LEPTODIAPTOMUS,SIGNICAUDA,,,,COARSE,HERB,
8/13/2024,1314,LEPTODIAPTOMUS TYRRELLI,ARTHROPODA,MAXILLOPODA,COPEPODA,CALANOIDA,,DIAPTOMIDAE,,LEPTODIAPTOMUS,TYRRELLI,,,,COARSE,HERB,
8/13/2024,1315,LEPTODORA KINDTII,ARTHROPODA,BRANCHIOPODA,PHYLLOPODA,DIPLOSTRACA,CLADOCERA,LEPTODORIDAE,,LEPTODORA,KINDTII,,,LARGE,COARSE,PRED,
8/13/2024,1316,LEYDIGIA,ARTHROPODA,BRANCHIOPODA,PHYLLOPODA,DIPLOSTRACA,CLADOCERA,CHYDORIDAE,,LEYDIGIA,,,,SMALL,COARSE,HERB,
8/13/2024,1317,LEYDIGIA QUADRANGULARIS,ARTHROPODA,BRANCHIOPODA,PHYLLOPODA,DIPLOSTRACA,CLADOCERA,CHYDORIDAE,,LEYDIGIA,QUADRANGULARIS,,,SMALL,COARSE,HERB,
8/13/2024,1318,LILIFEROTROCHA,ROTIFERA,EUROTATORIA,MONOGONONTA,PLOIMA,,EPIPHANIDAE,,LILIFEROTROCHA,,,,,FINE,OMNI,
8/13/2024,1319,LILIFEROTROCHA SUBTILIS,ROTIFERA,EUROTATORIA,MONOGONONTA,PLOIMA,,EPIPHANIDAE,,LILIFEROTROCHA,SUBTILIS,,,,FINE,OMNI,
8/13/2024,1320,LOPHOCHARIS,ROTIFERA,EUROTATORIA,MONOGONONTA,PLOIMA,,MYTILINIDAE,,LOPHOCHARIS,,,,,FINE,HERB,
8/13/2024,1321,LOPHOCHARIS SALPINA,ROTIFERA,EUROTATORIA,MONOGONONTA,PLOIMA,,MYTILINIDAE,,LOPHOCHARIS,SALPINA,,,,FINE,HERB,
8/13/2024,1322,MACROCHAETUS,ROTIFERA,EUROTATORIA,MONOGONONTA,PLOIMA,,TRICHOTRIIDAE,,MACROCHAETUS,,,,,FINE,OMNI,
8/13/2024,1323,MACROCHAETUS COLLINSII,ROTIFERA,EUROTATORIA,MONOGONONTA,PLOIMA,,TRICHOTRIIDAE,,MACROCHAETUS,COLLINSII,,,,FINE,OMNI,
8/13/2024,1324,MACROCHAETUS LONGIPES,ROTIFERA,EUROTATORIA,MONOGONONTA,PLOIMA,,TRICHOTRIIDAE,,MACROCHAETUS,LONGIPES,,,,FINE,OMNI,
8/13/2024,1325,MACROCHAETUS SERICA,ROTIFERA,EUROTATORIA,MONOGONONTA,PLOIMA,,TRICHOTRIIDAE,,MACROCHAETUS,SERICA,,,,FINE,OMNI,
8/13/2024,1326,MACROCHAETUS SUBQUADRATUS,ROTIFERA,EUROTATORIA,MONOGONONTA,PLOIMA,,TRICHOTRIIDAE,,MACROCHAETUS,SUBQUADRATUS,,,,FINE,OMNI,
8/13/2024,1327,MACROCYCLOPS ALBIDUS,ARTHROPODA,MAXILLOPODA,COPEPODA,CYCLOPOIDA,,CYCLOPIDAE,,MACROCYCLOPS,ALBIDUS,,,,COARSE,OMNI,
8/13/2024,1328,MACROTHRIX,ARTHROPODA,BRANCHIOPODA,PHYLLOPODA,DIPLOSTRACA,CLADOCERA,MACROTHRICIDAE,,MACROTHRIX,,,,LARGE,COARSE,HERB,
8/13/2024,1329,MACROTHRIX MEXICANUS,ARTHROPODA,BRANCHIOPODA,PHYLLOPODA,DIPLOSTRACA,CLADOCERA,MACROTHRICIDAE,,MACROTHRIX,MEXICANUS,,,LARGE,COARSE,HERB,
8/13/2024,1330,MACROTHRIX ROSEA,ARTHROPODA,BRANCHIOPODA,PHYLLOPODA,DIPLOSTRACA,CLADOCERA,MACROTHRICIDAE,,MACROTHRIX,ROSEA,,,LARGE,COARSE,HERB,
8/13/2024,1331,MESOCYCLOPS,ARTHROPODA,MAXILLOPODA,COPEPODA,CYCLOPOIDA,,CYCLOPIDAE,,MESOCYCLOPS,,,,,COARSE,OMNI,
8/13/2024,1332,MESOCYCLOPS EDAX,ARTHROPODA,MAXILLOPODA,COPEPODA,CYCLOPOIDA,,CYCLOPIDAE,,MESOCYCLOPS,EDAX,,,,COARSE,OMNI,
8/13/2024,1333,MESOCYCLOPS LEUKARTI,ARTHROPODA,MAXILLOPODA,COPEPODA,CYCLOPOIDA,,CYCLOPIDAE,,MESOCYCLOPS,LEUKARTI,,,,COARSE,OMNI,
8/13/2024,1334,MICROCYCLOPS RUBELLUS,ARTHROPODA,MAXILLOPODA,COPEPODA,CYCLOPOIDA,,CYCLOPIDAE,,MICROCYCLOPS,RUBELLUS,,,,COARSE,HERB,
8/13/2024,1335,MICROCYCLOPS VARICANS,ARTHROPODA,MAXILLOPODA,COPEPODA,CYCLOPOIDA,,CYCLOPIDAE,,MICROCYCLOPS,VARICANS,,,,COARSE,HERB,
8/13/2024,1336,MOINA,ARTHROPODA,BRANCHIOPODA,PHYLLOPODA,DIPLOSTRACA,CLADOCERA,MOINIDAE,,MOINA,,,,SMALL,COARSE,HERB,
8/13/2024,1337,MOINA BRACHIATA,ARTHROPODA,BRANCHIOPODA,PHYLLOPODA,DIPLOSTRACA,CLADOCERA,MOINIDAE,,MOINA,BRACHIATA,,,SMALL,COARSE,HERB,
8/13/2024,1338,MOINA HUTCHINSONI,ARTHROPODA,BRANCHIOPODA,PHYLLOPODA,DIPLOSTRACA,CLADOCERA,MOINIDAE,,MOINA,HUTCHINSONI,,,SMALL,COARSE,HERB,
8/13/2024,1339,MOINA MACROCOPA,ARTHROPODA,BRANCHIOPODA,PHYLLOPODA,DIPLOSTRACA,CLADOCERA,MOINIDAE,,MOINA,MACROCOPA,,,SMALL,COARSE,HERB,
8/13/2024,1340,MOINA MICRURA,ARTHROPODA,BRANCHIOPODA,PHYLLOPODA,DIPLOSTRACA,CLADOCERA,MOINIDAE,,MOINA,MICRURA,,,SMALL,COARSE,HERB,
8/13/2024,1341,MONOGONATA,ROTIFERA,EUROTATORIA,MONOGONONTA,,,,,,,,,,FINE,UNK,
8/13/2024,1342,MONOMMATA ENEDRA,ROTIFERA,EUROTATORIA,MONOGONONTA,PLOIMA,,NOTOMMATIDAE,,MONOMMATA,ENEDRA,,,,FINE,OMNI,
8/13/2024,1343,MONOMMATA SP.,ROTIFERA,EUROTATORIA,MONOGONONTA,PLOIMA,,NOTOMMATIDAE,,MONOMMATA,,,,,FINE,OMNI,
8/13/2024,1344,MONOMMATA VIRIDIS,ROTIFERA,EUROTATORIA,MONOGONONTA,PLOIMA,,NOTOMMATIDAE,,MONOMMATA,VIRIDIS,,,,FINE,OMNI,
8/13/2024,1345,MONOSTYLA,ROTIFERA,EUROTATORIA,MONOGONONTA,PLOIMA,,LECANIDAE,,MONOSTYLA,,,,,FINE,HERB,
8/13/2024,1346,MONOSTYLA BULLA,ROTIFERA,EUROTATORIA,MONOGONONTA,PLOIMA,,LECANIDAE,,MONOSTYLA,BULLA,,,,FINE,HERB,
8/13/2024,1347,MONOSTYLA CLOSTEROCERCA,ROTIFERA,EUROTATORIA,MONOGONONTA,PLOIMA,,LECANIDAE,,MONOSTYLA,CLOSTEROCERCA,,,,FINE,HERB,
8/13/2024,1348,MONOSTYLA COPEIS,ROTIFERA,EUROTATORIA,MONOGONONTA,PLOIMA,,LECANIDAE,,MONOSTYLA,COPEIS,,,,FINE,HERB,
8/13/2024,1349,MONOSTYLA CORNUTA,ROTIFERA,EUROTATORIA,MONOGONONTA,PLOIMA,,LECANIDAE,,MONOSTYLA,CORNUTA,,,,FINE,HERB,
8/13/2024,1350,MONOSTYLA CRENATA,ROTIFERA,EUROTATORIA,MONOGONONTA,PLOIMA,,LECANIDAE,,MONOSTYLA,CRENATA,,,,FINE,HERB,
8/13/2024,1351,MONOSTYLA HAMATA,ROTIFERA,EUROTATORIA,MONOGONONTA,PLOIMA,,LECANIDAE,,MONOSTYLA,HAMATA,,,,FINE,HERB,
8/13/2024,1352,MONOSTYLA LUNARIS,ROTIFERA,EUROTATORIA,MONOGONONTA,PLOIMA,,LECANIDAE,,MONOSTYLA,LUNARIS,,,,FINE,HERB,
8/13/2024,1353,MONOSTYLA MURRAYI,ROTIFERA,EUROTATORIA,MONOGONONTA,PLOIMA,,LECANIDAE,,MONOSTYLA,MURRAYI,,,,FINE,HERB,
8/13/2024,1354,MONOSTYLA PYRIFORMIS,ROTIFERA,EUROTATORIA,MONOGONONTA,PLOIMA,,LECANIDAE,,MONOSTYLA,PYRIFORMIS,,,,FINE,HERB,
8/13/2024,1355,MONOSTYLA QUADRIDENTATA,ROTIFERA,EUROTATORIA,MONOGONONTA,PLOIMA,,LECANIDAE,,MONOSTYLA,QUADRIDENTATA,,,,FINE,HERB,
8/13/2024,1356,MONOSTYLA SCUTATA,ROTIFERA,EUROTATORIA,MONOGONONTA,PLOIMA,,LECANIDAE,,MONOSTYLA,SCUTATA,,,,FINE,HERB,
8/13/2024,1357,MONOSTYLA SPINULIFERA,ROTIFERA,EUROTATORIA,MONOGONONTA,PLOIMA,,LECANIDAE,,MONOSTYLA,SPINULIFERA,,,,FINE,HERB,
8/13/2024,1358,MONOSTYLA STENROOSI,ROTIFERA,EUROTATORIA,MONOGONONTA,PLOIMA,,LECANIDAE,,MONOSTYLA,STENROOSI,,,,FINE,HERB,
8/13/2024,1359,MYSIDAE,ARTHROPODA,MALACOSTRACA,EUMALACOSTRACA,MYSIDA,,MYSIDAE,,,,,,,COARSE,HERB,Y
8/13/2024,1360,MYTILINA,ROTIFERA,EUROTATORIA,MONOGONONTA,PLOIMA,,MYTILINIDAE,,MYTILINA,,,,,FINE,HERB,
8/13/2024,1361,MYTILINA BISULCATA,ROTIFERA,EUROTATORIA,MONOGONONTA,PLOIMA,,MYTILINIDAE,,MYTILINA,BISULCATA,,,,FINE,HERB,
8/13/2024,1362,MYTILINA CRASSIPES,ROTIFERA,EUROTATORIA,MONOGONONTA,PLOIMA,,MYTILINIDAE,,MYTILINA,CRASSIPES,,,,FINE,HERB,
8/13/2024,1363,MYTILINA MACROCERCA,ROTIFERA,EUROTATORIA,MONOGONONTA,PLOIMA,,MYTILINIDAE,,MYTILINA,MACROCERCA,,,,FINE,HERB,
8/13/2024,1364,MYTILINA MUCRONATA,ROTIFERA,EUROTATORIA,MONOGONONTA,PLOIMA,,MYTILINIDAE,,MYTILINA,MUCRONATA,,,,FINE,HERB,
8/13/2024,1365,MYTILINA TRIGONA,ROTIFERA,EUROTATORIA,MONOGONONTA,PLOIMA,,MYTILINIDAE,,MYTILINA,TRIGONA,,,,FINE,HERB,
8/13/2024,1366,MYTILINA VENTRALIS,ROTIFERA,EUROTATORIA,MONOGONONTA,PLOIMA,,MYTILINIDAE,,MYTILINA,VENTRALIS,,,,FINE,HERB,
8/13/2024,1367,MYTILINA VENTRALIS BREVISPINUS,ROTIFERA,EUROTATORIA,MONOGONONTA,PLOIMA,,MYTILINIDAE,,MYTILINA,VENTRALIS,BREVISPINUS,,,FINE,HERB,
8/13/2024,1368,MYTILINA VENTRALIS MACRACANTHA,ROTIFERA,EUROTATORIA,MONOGONONTA,PLOIMA,,MYTILINIDAE,,MYTILINA,VENTRALIS,MACRACANTHA,,,FINE,HERB,
8/13/2024,1369,NEOERGASILUS JAPONICUS,ARTHROPODA,MAXILLOPODA,COPEPODA,POECILOSTOMATOIDA,,ERGASILIDAE,,NEOERGASILUS,JAPONICUS,,ALL,,COARSE,OMNI,
8/13/2024,1370,NOTHOLCA,ROTIFERA,EUROTATORIA,MONOGONONTA,PLOIMA,,BRACHIONIDAE,,NOTHOLCA,,,,,FINE,HERB,
8/13/2024,1371,NOTHOLCA ACUMINATA,ROTIFERA,EUROTATORIA,MONOGONONTA,PLOIMA,,BRACHIONIDAE,,NOTHOLCA,ACUMINATA,,,,FINE,HERB,
8/13/2024,1372,NOTHOLCA ACUMINATA EXTENSA,ROTIFERA,EUROTATORIA,MONOGONONTA,PLOIMA,,BRACHIONIDAE,,NOTHOLCA,ACUMINATA,EXTENSA,,,FINE,HERB,
8/13/2024,1373,NOTHOLCA CAUDATA,ROTIFERA,EUROTATORIA,MONOGONONTA,PLOIMA,,BRACHIONIDAE,,NOTHOLCA,CAUDATA,,,,FINE,HERB,
8/13/2024,1374,NOTHOLCA LABIS,ROTIFERA,EUROTATORIA,MONOGONONTA,PLOIMA,,BRACHIONIDAE,,NOTHOLCA,LABIS,,,,FINE,HERB,
8/13/2024,1375,NOTHOLCA LAURENTIAE,ROTIFERA,EUROTATORIA,MONOGONONTA,PLOIMA,,BRACHIONIDAE,,NOTHOLCA,LAURENTIAE,,,,FINE,HERB,
8/13/2024,1376,NOTHOLCA MICHIGANENSIS,ROTIFERA,EUROTATORIA,MONOGONONTA,PLOIMA,,BRACHIONIDAE,,NOTHOLCA,MICHIGANENSIS,,,,FINE,HERB,
8/13/2024,1377,NOTHOLCA SQUAMULA,ROTIFERA,EUROTATORIA,MONOGONONTA,PLOIMA,,BRACHIONIDAE,,NOTHOLCA,SQUAMULA,,,,FINE,HERB,
8/13/2024,1378,NOTOMMATA,ROTIFERA,EUROTATORIA,MONOGONONTA,PLOIMA,,NOTOMMATIDAE,,NOTOMMATA,,,,,FINE,OMNI,
8/13/2024,1379,NOTOMMATA CYRTOPUS,ROTIFERA,EUROTATORIA,MONOGONONTA,PLOIMA,,NOTOMMATIDAE,,NOTOMMATA,CYRTOPUS,,,,FINE,OMNI,
8/13/2024,1380,NOTOMMATIDAE,ROTIFERA,EUROTATORIA,MONOGONONTA,PLOIMA,,NOTOMMATIDAE,,,,,,,FINE,OMNI,
8/13/2024,1381,ONYCHODIAPTOMUS BIRGEI,ARTHROPODA,MAXILLOPODA,COPEPODA,CALANOIDA,,DIAPTOMIDAE,,ONYCHODIAPTOMUS,BIRGEI,,,,COARSE,HERB,
8/13/2024,1382,ONYCHODIAPTOMUS HESPERUS,ARTHROPODA,MAXILLOPODA,COPEPODA,CALANOIDA,,DIAPTOMIDAE,,ONYCHODIAPTOMUS,HESPERUS,,,,COARSE,HERB,
8/13/2024,1383,ONYCHODIAPTOMUS SANGUINEUS,ARTHROPODA,MAXILLOPODA,COPEPODA,CALANOIDA,,DIAPTOMIDAE,,ONYCHODIAPTOMUS,SANGUINEUS,,,,COARSE,HERB,
8/13/2024,1384,OPHRYOXUS GRACILIS,ARTHROPODA,BRANCHIOPODA,PHYLLOPODA,DIPLOSTRACA,CLADOCERA,MACROTHRICIDAE,,OPHRYOXUS,GRACILIS,,,SMALL,COARSE,HERB,
8/13/2024,1385,ORTHOCYCLOPS MODESTUS,ARTHROPODA,MAXILLOPODA,COPEPODA,CYCLOPOIDA,,CYCLOPIDAE,,ORTHOCYCLOPS,MODESTUS,,,,COARSE,OMNI,
8/13/2024,1386,OSTRACODA,ARTHROPODA,OSTRACODA,,,,,,,,,,,COARSE,,
8/13/2024,1387,OXYURELLA BREVICAUDIS,ARTHROPODA,BRANCHIOPODA,PHYLLOPODA,DIPLOSTRACA,CLADOCERA,CHYDORIDAE,,OXYURELLA,BREVICAUDIS,,,SMALL,COARSE,OMNI,
8/13/2024,1388,PARACYCLOPS CHILTONI,ARTHROPODA,MAXILLOPODA,COPEPODA,CYCLOPOIDA,,CYCLOPIDAE,,PARACYCLOPS,CHILTONI,,,,COARSE,HERB,
8/13/2024,1389,PECTINARIIDAE,ANNELIDA,POLYCHAETA,PALPATA,CANALIPALPATA,TEREBELLIDA,PECTINARIIDAE,,,,,,,FINE,,Y
8/13/2024,1390,PHYLLODOCIDAE,ANNELIDA,POLYCHAETA,PALPATA,ACICULATA,,PHYLLODOCIDA,,,,,,,FINE,,Y
8/13/2024,1391,PICRIPLEUROXUS,ARTHROPODA,BRANCHIOPODA,PHYLLOPODA,DIPLOSTRACA,CLADOCERA,CHYDORIDAE,,PICRIPLEUROXUS,,,,SMALL,COARSE,HERB,
8/13/2024,1392,PICRIPLEUROXUS DENTICULATUS,ARTHROPODA,BRANCHIOPODA,PHYLLOPODA,DIPLOSTRACA,CLADOCERA,CHYDORIDAE,,PICRIPLEUROXUS,DENTICULATUS,,,SMALL,COARSE,HERB,
8/13/2024,1393,PICRIPLEUROXUS STRIATUS,ARTHROPODA,BRANCHIOPODA,PHYLLOPODA,DIPLOSTRACA,CLADOCERA,CHYDORIDAE,,PICRIPLEUROXUS,STRIATUS,,,SMALL,COARSE,HERB,
8/13/2024,1394,PLATYIAS PATULUS,ROTIFERA,EUROTATORIA,MONOGONONTA,PLOIMA,,BRACHIONIDAE,,PLATYIAS,PATULUS,,,,FINE,UNK,
8/13/2024,1395,PLATYIAS QUADRICORNIS,ROTIFERA,EUROTATORIA,MONOGONONTA,PLOIMA,,BRACHIONIDAE,,PLATYIAS,QUADRICORNIS,,,,FINE,HERB,
8/13/2024,1396,PLEUROXUS,ARTHROPODA,BRANCHIOPODA,PHYLLOPODA,DIPLOSTRACA,CLADOCERA,CHYDORIDAE,,PLEUROXUS,,,,SMALL,COARSE,HERB,
8/13/2024,1397,PLEUROXUS ADUNCUS,ARTHROPODA,BRANCHIOPODA,PHYLLOPODA,DIPLOSTRACA,CLADOCERA,CHYDORIDAE,,PLEUROXUS,ADUNCUS,,,SMALL,COARSE,HERB,
8/13/2024,1398,PLEUROXUS DENTICULATUS,ARTHROPODA,BRANCHIOPODA,PHYLLOPODA,DIPLOSTRACA,CLADOCERA,CHYDORIDAE,,PLEUROXUS,DENTICULATUS,,,SMALL,COARSE,HERB,
8/13/2024,1399,PLEUROXUS PROCURVUS,ARTHROPODA,BRANCHIOPODA,PHYLLOPODA,DIPLOSTRACA,CLADOCERA,CHYDORIDAE,,PLEUROXUS,PROCURVUS,,,SMALL,COARSE,HERB,
8/13/2024,1400,PLOESOMA,ROTIFERA,EUROTATORIA,MONOGONONTA,PLOIMA,,SYNCHAETIDAE,,PLOESOMA,,,,,FINE,PRED,
8/13/2024,1401,PLOESOMA HUDSONI,ROTIFERA,EUROTATORIA,MONOGONONTA,PLOIMA,,SYNCHAETIDAE,,PLOESOMA,HUDSONI,,,,FINE,PRED,
8/13/2024,1402,PLOESOMA LENTICULARE,ROTIFERA,EUROTATORIA,MONOGONONTA,PLOIMA,,SYNCHAETIDAE,,PLOESOMA,LENTICULARE,,,,FINE,PRED,
8/13/2024,1403,PLOESOMA TRUNCATUM,ROTIFERA,EUROTATORIA,MONOGONONTA,PLOIMA,,SYNCHAETIDAE,,PLOESOMA,TRUNCATUM,,,,FINE,PRED,
8/13/2024,1404,POLYARTHRA,ROTIFERA,EUROTATORIA,MONOGONONTA,PLOIMA,,SYNCHAETIDAE,,POLYARTHRA,,,,,FINE,OMNI,
8/13/2024,1405,POLYARTHRA DOLICHOPTERA,ROTIFERA,EUROTATORIA,MONOGONONTA,PLOIMA,,SYNCHAETIDAE,,POLYARTHRA,DOLICHOPTERA,,,,FINE,OMNI,
8/13/2024,1406,POLYARTHRA EURYPTERA,ROTIFERA,EUROTATORIA,MONOGONONTA,PLOIMA,,SYNCHAETIDAE,,POLYARTHRA,EURYPTERA,,,,FINE,OMNI,
8/13/2024,1407,POLYARTHRA MAJOR,ROTIFERA,EUROTATORIA,MONOGONONTA,PLOIMA,,SYNCHAETIDAE,,POLYARTHRA,MAJOR,,,,FINE,OMNI,
8/13/2024,1408,POLYARTHRA REMATA,ROTIFERA,EUROTATORIA,MONOGONONTA,PLOIMA,,SYNCHAETIDAE,,POLYARTHRA,REMATA,,,,FINE,OMNI,
8/13/2024,1409,POLYARTHRA VULGARIS,ROTIFERA,EUROTATORIA,MONOGONONTA,PLOIMA,,SYNCHAETIDAE,,POLYARTHRA,VULGARIS,,,,FINE,OMNI,
8/13/2024,1410,POLYCHAETA,ANNELIDA,POLYCHAETA,,,,,,,,,,,COARSE,,Y
8/13/2024,1411,POLYPHEMUS PEDICULUS,ARTHROPODA,BRANCHIOPODA,PHYLLOPODA,DIPLOSTRACA,CLADOCERA,POLYPHEMIDAE,,POLYPHEMUS,PEDICULUS,,,SMALL,COARSE,PRED,
8/13/2024,1412,POMPHOLYX SULCATA,ROTIFERA,EUROTATORIA,MONOGONONTA,FLOSCULARIACEAE,,TESTUDINELLIDAE,,POMPHOLYX,SULCATA,,,,FINE,HERB,
8/13/2024,1413,PROALES,ROTIFERA,EUROTATORIA,MONOGONONTA,PLOIMA,,PROALIDAE,,PROALES,,,,,FINE,OMNI,
8/13/2024,1414,PROALES THEODORA,ROTIFERA,EUROTATORIA,MONOGONONTA,PLOIMA,,PROALIDAE,,PROALES,THEODORA,,,,FINE,OMNI,
8/13/2024,1415,PROALIDAE,ROTIFERA,EUROTATORIA,MONOGONONTA,PLOIMA,,PROALIDAE,,,,,,,FINE,OMNI,
8/13/2024,1416,PROALIDES TENTACULATUS,ROTIFERA,EUROTATORIA,MONOGONONTA,PLOIMA,,EPIPHANIDAE,,PROALIDES,TENTACULATUS,,,,FINE,OMNI,
8/13/2024,1417,PSEUDOCHYDORUS GLOBOSUS,ARTHROPODA,BRANCHIOPODA,PHYLLOPODA,DIPLOSTRACA,CLADOCERA,CHYDORIDAE,,PSEUDOCHYDORUS,GLOBOSUS,,,SMALL,COARSE,OMNI,
8/13/2024,1418,PSEUDODIAPTOMUS FORBESI,ARTHROPODA,MAXILLOPODA,COPEPODA,CALANOIDA,,PSEUDODIAPTOMIDAE,,PSEUDODIAPTOMUS,FORBESI,,ALL,,COARSE,HERB,
8/13/2024,1419,PSEUDOSIDA BIDENTATA,ARTHROPODA,BRANCHIOPODA,PHYLLOPODA,DIPLOSTRACA,CLADOCERA,SIDIDAE,,PSEUDOSIDA,BIDENTATA,,,LARGE,COARSE,HERB,
8/13/2024,1420,PTYGURA,ROTIFERA,EUROTATORIA,MONOGONONTA,FLOSCULARIACEAE,,FLOSCULARIIDAE,,PTYGURA,,,,,FINE,HERB,
8/13/2024,1421,PTYGURA BRACHIATA,ROTIFERA,EUROTATORIA,MONOGONONTA,FLOSCULARIACEAE,,FLOSCULARIIDAE,,PTYGURA,BRACHIATA,,,,FINE,HERB,
8/13/2024,1422,PTYGURA LIBERA,ROTIFERA,EUROTATORIA,MONOGONONTA,FLOSCULARIACEAE,,FLOSCULARIIDAE,,PTYGURA,LIBERA,,,,FINE,HERB,
8/13/2024,1423,ROTARIA,ROTIFERA,EUROTATORIA,BDELLOIDEA,,,PHILODINIDAE,,ROTARIA,,,,,FINE,HERB,
8/13/2024,1424,ROTARIA NEPTUNIA,ROTIFERA,EUROTATORIA,BDELLOIDEA,,,PHILODINIDAE,,ROTARIA,NEPTUNIA,,,,FINE,HERB,
8/13/2024,1425,ROTARIA SOCIALIS,ROTIFERA,EUROTATORIA,BDELLOIDEA,,,PHILODINIDAE,,ROTARIA,SOCIALIS,,,,FINE,HERB,
8/13/2024,1426,ROTIFERA,ROTIFERA,,,,,,,,,,,,FINE,UNK,
8/13/2024,1427,SCAPHOLEBERIS KINGI,ARTHROPODA,BRANCHIOPODA,PHYLLOPODA,DIPLOSTRACA,CLADOCERA,DAPHNIIDAE,,SCAPHOLEBERIS,KINGI,,,SMALL,COARSE,HERB,
8/13/2024,1428,SCAPHOLEBERIS MUCRONATA,ARTHROPODA,BRANCHIOPODA,PHYLLOPODA,DIPLOSTRACA,CLADOCERA,DAPHNIIDAE,,SCAPHOLEBERIS,MUCRONATA,,,SMALL,COARSE,HERB,
8/13/2024,1429,SCARIDIUM LONGICAUDUM,ROTIFERA,EUROTATORIA,MONOGONONTA,PLOIMA,,SCARIDIIDAE,,SCARIDIUM,LONGICAUDUM,,,,FINE,UNK,
8/13/2024,1430,SIDA CRYSTALLINA,ARTHROPODA,BRANCHIOPODA,PHYLLOPODA,DIPLOSTRACA,CLADOCERA,SIDIDAE,,SIDA,CRYSTALLINA,,,LARGE,COARSE,HERB,
8/13/2024,1431,SIMOCEPHALUS,ARTHROPODA,BRANCHIOPODA,PHYLLOPODA,DIPLOSTRACA,CLADOCERA,DAPHNIIDAE,,SIMOCEPHALUS,,,,LARGE,COARSE,HERB,
8/13/2024,1432,SIMOCEPHALUS SERRULATUS,ARTHROPODA,BRANCHIOPODA,PHYLLOPODA,DIPLOSTRACA,CLADOCERA,DAPHNIIDAE,,SIMOCEPHALUS,SERRULATUS,,,LARGE,COARSE,HERB,
8/13/2024,1433,SIMOCEPHALUS VETULUS,ARTHROPODA,BRANCHIOPODA,PHYLLOPODA,DIPLOSTRACA,CLADOCERA,DAPHNIIDAE,,SIMOCEPHALUS,VETULUS,,,LARGE,COARSE,HERB,
8/13/2024,1434,SINANTHERINA SEMIBULLATA,ROTIFERA,EUROTATORIA,MONOGONONTA,FLOSCULARIACEAE,,FLOSCULARIIDAE,,SINANTHERINA,SEMIBULLATA,,,,FINE,HERB,
8/13/2024,1435,SINOCALANUS DOERRI,ARTHROPODA,MAXILLOPODA,COPEPODA,CALANOIDA,,CENTROPAGIDAE,,SINOCALANUS,DOERRI,,ALL,,COARSE,HERB,
8/13/2024,1436,SKISTODIAPTOMUS,ARTHROPODA,MAXILLOPODA,COPEPODA,CALANOIDA,,DIAPTOMIDAE,,SKISTODIAPTOMUS,,,,,COARSE,HERB,
8/13/2024,1437,SKISTODIAPTOMUS CAROLINENSIS,ARTHROPODA,MAXILLOPODA,COPEPODA,CALANOIDA,,DIAPTOMIDAE,,SKISTODIAPTOMUS,CAROLINENSIS,,,,COARSE,HERB,
8/13/2024,1438,SKISTODIAPTOMUS MISSISSIPPIENSIS,ARTHROPODA,MAXILLOPODA,COPEPODA,CALANOIDA,,DIAPTOMIDAE,,SKISTODIAPTOMUS,MISSISSIPPIENSIS,,,,COARSE,HERB,
8/13/2024,1439,SKISTODIAPTOMUS OREGONENSIS,ARTHROPODA,MAXILLOPODA,COPEPODA,CALANOIDA,,DIAPTOMIDAE,,SKISTODIAPTOMUS,OREGONENSIS,,,,COARSE,HERB,
8/13/2024,1440,SKISTODIAPTOMUS PALLIDUS,ARTHROPODA,MAXILLOPODA,COPEPODA,CALANOIDA,,DIAPTOMIDAE,,SKISTODIAPTOMUS,PALLIDUS,,"CT,MA,ME,NH,RI,VT,NJ,NY,DE,MD,PA,VA,WV,AL,FL,KY,GA,NC,SC,TN,IN,MI,MN,OH,WI,NM,OK,KS,NE,CO,UT,MT,ND,SD,WY,AZ,CA,HI,NV,AK,ID,OR,WA",,COARSE,HERB,
8/13/2024,1441,SKISTODIAPTOMUS PYGMAEUS,ARTHROPODA,MAXILLOPODA,COPEPODA,CALANOIDA,,DIAPTOMIDAE,,SKISTODIAPTOMUS,PYGMAEUS,,,,COARSE,HERB,
8/13/2024,1442,SKISTODIAPTOMUS REIGHARDI,ARTHROPODA,MAXILLOPODA,COPEPODA,CALANOIDA,,DIAPTOMIDAE,,SKISTODIAPTOMUS,REIGHARDI,,,,COARSE,HERB,
8/13/2024,1443,SKISTODIAPTOMUS SINUATUS,ARTHROPODA,MAXILLOPODA,COPEPODA,CALANOIDA,,DIAPTOMIDAE,,SKISTODIAPTOMUS,SINUATUS,,,,COARSE,HERB,
8/13/2024,1444,SQUATINELLA MUTICA,ROTIFERA,EUROTATORIA,MONOGONONTA,PLOIMA,,LEPADELLIDAE,,SQUATINELLA,MUTICA,,,,FINE,HERB,
8/13/2024,1445,SQUATINELLA ROSTRUM ROSTRUM,ROTIFERA,EUROTATORIA,MONOGONONTA,PLOIMA,,LEPADELLIDAE,,SQUATINELLA,ROSTRUM,ROSTRUM,,,FINE,HERB,
8/13/2024,1446,STREBLOCERUS SERRICAUDATUS,ARTHROPODA,BRANCHIOPODA,PHYLLOPODA,DIPLOSTRACA,CLADOCERA,MACROTHRICIDAE,,STREBLOCERUS,SERRICAUDATUS,,,LARGE,COARSE,HERB,
8/13/2024,1447,SYNCHAETA,ROTIFERA,EUROTATORIA,MONOGONONTA,PLOIMA,,SYNCHAETIDAE,,SYNCHAETA,,,,,FINE,PRED,
8/13/2024,1448,SYNCHAETA BICORNIS,ROTIFERA,EUROTATORIA,MONOGONONTA,PLOIMA,,SYNCHAETIDAE,,SYNCHAETA,BICORNIS,,,,FINE,PRED,
8/13/2024,1449,SYNCHAETA KITINA,ROTIFERA,EUROTATORIA,MONOGONONTA,PLOIMA,,SYNCHAETIDAE,,SYNCHAETA,KITINA,,,,FINE,PRED,
8/13/2024,1450,SYNCHAETA LAKOWITZIANA,ROTIFERA,EUROTATORIA,MONOGONONTA,PLOIMA,,SYNCHAETIDAE,,SYNCHAETA,LAKOWITZIANA,,,,FINE,PRED,
8/13/2024,1451,SYNCHAETA LONGIPES,ROTIFERA,EUROTATORIA,MONOGONONTA,PLOIMA,,SYNCHAETIDAE,,SYNCHAETA,LONGIPES,,,,FINE,PRED,
8/13/2024,1452,SYNCHAETA OBLONGA,ROTIFERA,EUROTATORIA,MONOGONONTA,PLOIMA,,SYNCHAETIDAE,,SYNCHAETA,OBLONGA,,,,FINE,PRED,
8/13/2024,1453,SYNCHAETA PECTINATA,ROTIFERA,EUROTATORIA,MONOGONONTA,PLOIMA,,SYNCHAETIDAE,,SYNCHAETA,PECTINATA,,,,FINE,PRED,
8/13/2024,1454,SYNCHAETA STYLATA,ROTIFERA,EUROTATORIA,MONOGONONTA,PLOIMA,,SYNCHAETIDAE,,SYNCHAETA,STYLATA,,,,FINE,PRED,
8/13/2024,1455,TESTUDINELLA,ROTIFERA,EUROTATORIA,MONOGONONTA,FLOSCULARIACEAE,,TESTUDINELLIDAE,,TESTUDINELLA,,,,,FINE,HERB,
8/13/2024,1456,TESTUDINELLA MUCRONATA,ROTIFERA,EUROTATORIA,MONOGONONTA,FLOSCULARIACEAE,,TESTUDINELLIDAE,,TESTUDINELLA,MUCRONATA,,,,FINE,HERB,
8/13/2024,1457,TESTUDINELLA PARVA,ROTIFERA,EUROTATORIA,MONOGONONTA,FLOSCULARIACEAE,,TESTUDINELLIDAE,,TESTUDINELLA,PARVA,,,,FINE,HERB,
8/13/2024,1458,TESTUDINELLA PARVA PARVA,ROTIFERA,EUROTATORIA,MONOGONONTA,FLOSCULARIACEAE,,TESTUDINELLIDAE,,TESTUDINELLA,PARVA,PARVA,,,FINE,HERB,
8/13/2024,1459,TESTUDINELLA PATINA,ROTIFERA,EUROTATORIA,MONOGONONTA,FLOSCULARIACEAE,,TESTUDINELLIDAE,,TESTUDINELLA,PATINA,,,,FINE,HERB,
8/13/2024,1460,TESTUDINELLA TRIDENTATA,ROTIFERA,EUROTATORIA,MONOGONONTA,FLOSCULARIACEAE,,TESTUDINELLIDAE,,TESTUDINELLA,TRIDENTATA,,,,FINE,HERB,
8/13/2024,1461,TREMATODA,PLATYHELMINTHES,TREMATODA,,,,,,,,,,,COARSE,,Y
8/13/2024,1462,TRICHOCERCA,ROTIFERA,EUROTATORIA,MONOGONONTA,PLOIMA,,TRICHOCERCIDAE,,TRICHOCERCA,,,,,FINE,PARA,
8/13/2024,1463,TRICHOCERCA BICRISTATA,ROTIFERA,EUROTATORIA,MONOGONONTA,PLOIMA,,TRICHOCERCIDAE,,TRICHOCERCA,BICRISTATA,,,,FINE,PRED,
8/13/2024,1464,TRICHOCERCA CAPUCINA,ROTIFERA,EUROTATORIA,MONOGONONTA,PLOIMA,,TRICHOCERCIDAE,,TRICHOCERCA,CAPUCINA,,,,FINE,PRED,
8/13/2024,1465,TRICHOCERCA COLLARIS,ROTIFERA,EUROTATORIA,MONOGONONTA,PLOIMA,,TRICHOCERCIDAE,,TRICHOCERCA,COLLARIS,,,,FINE,PRED,
8/13/2024,1466,TRICHOCERCA CYLINDRICA,ROTIFERA,EUROTATORIA,MONOGONONTA,PLOIMA,,TRICHOCERCIDAE,,TRICHOCERCA,CYLINDRICA,,,,FINE,PRED,
8/13/2024,1467,TRICHOCERCA DIXON-NUTTALLI,ROTIFERA,EUROTATORIA,MONOGONONTA,PLOIMA,,TRICHOCERCIDAE,,TRICHOCERCA,DIXON-NUTTALLI,,,,FINE,PRED,
8/13/2024,1468,TRICHOCERCA ELONGATA,ROTIFERA,EUROTATORIA,MONOGONONTA,PLOIMA,,TRICHOCERCIDAE,,TRICHOCERCA,ELONGATA,,,,FINE,PRED,
8/13/2024,1469,TRICHOCERCA FLAGELLATA,ROTIFERA,EUROTATORIA,MONOGONONTA,PLOIMA,,TRICHOCERCIDAE,,TRICHOCERCA,FLAGELLATA,,,,FINE,PRED,
8/13/2024,1470,TRICHOCERCA GRACILIS,ROTIFERA,EUROTATORIA,MONOGONONTA,PLOIMA,,TRICHOCERCIDAE,,TRICHOCERCA,GRACILIS,,,,FINE,PRED,
8/13/2024,1471,TRICHOCERCA INERMIS,ROTIFERA,EUROTATORIA,MONOGONONTA,PLOIMA,,TRICHOCERCIDAE,,TRICHOCERCA,INERMIS,,,,FINE,PRED,
8/13/2024,1472,TRICHOCERCA LATA,ROTIFERA,EUROTATORIA,MONOGONONTA,PLOIMA,,TRICHOCERCIDAE,,TRICHOCERCA,LATA,,,,FINE,PRED,
8/13/2024,1473,TRICHOCERCA LONGISETA,ROTIFERA,EUROTATORIA,MONOGONONTA,PLOIMA,,TRICHOCERCIDAE,,TRICHOCERCA,LONGISETA,,,,FINE,PRED,
8/13/2024,1474,TRICHOCERCA MOLLIS,ROTIFERA,EUROTATORIA,MONOGONONTA,PLOIMA,,TRICHOCERCIDAE,,TRICHOCERCA,MOLLIS,,,,FINE,PRED,
8/13/2024,1475,TRICHOCERCA MUCOSA,ROTIFERA,EUROTATORIA,MONOGONONTA,PLOIMA,,TRICHOCERCIDAE,,TRICHOCERCA,MUCOSA,,,,FINE,PRED,
8/13/2024,1476,TRICHOCERCA MULTICRINIS,ROTIFERA,EUROTATORIA,MONOGONONTA,PLOIMA,,TRICHOCERCIDAE,,TRICHOCERCA,MULTICRINIS,,,,FINE,PRED,
8/13/2024,1477,TRICHOCERCA MUSCULUS,ROTIFERA,EUROTATORIA,MONOGONONTA,PLOIMA,,TRICHOCERCIDAE,,TRICHOCERCA,MUSCULUS,,,,FINE,PRED,
8/13/2024,1478,TRICHOCERCA PORCELLUS,ROTIFERA,EUROTATORIA,MONOGONONTA,PLOIMA,,TRICHOCERCIDAE,,TRICHOCERCA,PORCELLUS,,,,FINE,PRED,
8/13/2024,1479,TRICHOCERCA PUSILLA,ROTIFERA,EUROTATORIA,MONOGONONTA,PLOIMA,,TRICHOCERCIDAE,,TRICHOCERCA,PUSILLA,,,,FINE,PRED,
8/13/2024,1480,TRICHOCERCA RATTUS,ROTIFERA,EUROTATORIA,MONOGONONTA,PLOIMA,,TRICHOCERCIDAE,,TRICHOCERCA,RATTUS,,,,FINE,PRED,
8/13/2024,1481,TRICHOCERCA ROSEA,ROTIFERA,EUROTATORIA,MONOGONONTA,PLOIMA,,TRICHOCERCIDAE,,TRICHOCERCA,ROSEA,,,,FINE,PRED,
8/13/2024,1482,TRICHOCERCA ROUSSELETI,ROTIFERA,EUROTATORIA,MONOGONONTA,PLOIMA,,TRICHOCERCIDAE,,TRICHOCERCA,ROUSSELETI,,,,FINE,PRED,
8/13/2024,1483,TRICHOCERCA SIMILIS,ROTIFERA,EUROTATORIA,MONOGONONTA,PLOIMA,,TRICHOCERCIDAE,,TRICHOCERCA,SIMILIS,,,,FINE,PRED,
8/13/2024,1484,TRICHOCERCA STYLATA,ROTIFERA,EUROTATORIA,MONOGONONTA,PLOIMA,,TRICHOCERCIDAE,,TRICHOCERCA,STYLATA,,,,FINE,PRED,
8/13/2024,1485,TRICHOCERCA TENUIOR,ROTIFERA,EUROTATORIA,MONOGONONTA,PLOIMA,,TRICHOCERCIDAE,,TRICHOCERCA,TENUIOR,,,,FINE,PRED,
8/13/2024,1486,TRICHOCERCA TIGRIS,ROTIFERA,EUROTATORIA,MONOGONONTA,PLOIMA,,TRICHOCERCIDAE,,TRICHOCERCA,TIGRIS,,,,FINE,PRED,
8/13/2024,1487,TRICHOCERCA WEBERI,ROTIFERA,EUROTATORIA,MONOGONONTA,PLOIMA,,TRICHOCERCIDAE,,TRICHOCERCA,WEBERI,,,,FINE,PRED,
8/13/2024,1488,TRICHOTRIA,ROTIFERA,EUROTATORIA,MONOGONONTA,PLOIMA,,TRICHOTRIIDAE,,TRICHOTRIA,,,,,FINE,HERB,
8/13/2024,1489,TRICHOTRIA POCILLUM,ROTIFERA,EUROTATORIA,MONOGONONTA,PLOIMA,,TRICHOTRIIDAE,,TRICHOTRIA,POCILLUM,,,,FINE,HERB,
8/13/2024,1490,TRICHOTRIA TETRACTIS,ROTIFERA,EUROTATORIA,MONOGONONTA,PLOIMA,,TRICHOTRIIDAE,,TRICHOTRIA,TETRACTIS,,,,FINE,HERB,
8/13/2024,1491,TRICHOTRIA TETRACTIS SIMILIS,ROTIFERA,EUROTATORIA,MONOGONONTA,PLOIMA,,TRICHOTRIIDAE,,TRICHOTRIA,TETRACTIS,SIMILIS,,,FINE,HERB,
8/13/2024,1492,TROCHOSPHAERA SOLSTITIALIS,ROTIFERA,EUROTATORIA,MONOGONONTA,FLOSCULARIACEAE,,TROCHOSPHAERIDAE,,TROCHOSPHAERA,SOLSTITIALIS,,,,FINE,UNK,
8/13/2024,1493,TROPOCYCLOPS PRASINUS,ARTHROPODA,MAXILLOPODA,COPEPODA,CYCLOPOIDA,,CYCLOPIDAE,,TROPOCYCLOPS,PRASINUS,,,,COARSE,HERB,
8/13/2024,1494,TROPOCYCLOPS PRASINUS MEXICANUS,ARTHROPODA,MAXILLOPODA,COPEPODA,CYCLOPOIDA,,CYCLOPIDAE,,TROPOCYCLOPS,PRASINUS,MEXICANUS,,,COARSE,HERB,
8/13/2024,1495,UCA,ARTHROPODA,MALACOSTRACA,EUMALACOSTRACA,DECAPODA,PLEOCYEMATA,OCYPODOIDAE,,UCA,,,,,COARSE,,Y
8/13/2024,1496,WLASSICSIA KINISTINENSIS,ARTHROPODA,BRANCHIOPODA,PHYLLOPODA,DIPLOSTRACA,CLADOCERA,MACROTHRICIDAE,,WLASSICSIA,KINISTINENSIS,,,LARGE,COARSE,HERB,
8/13/2024,1497,WOLGA SPINIFERA,ROTIFERA,EUROTATORIA,MONOGONONTA,PLOIMA,,TRICHOTRIIDAE,,WOLGA,SPINIFERA,,,,FINE,HERB,
8/13/2024,5002,ACARI,ARTHROPODA,ARACHNIDA,ACARI,,,,,,,,,,,,
8/13/2024,5003,BOSMINOPSIS,ARTHROPODA,BRANCHIOPODA,PHYLLOPODA,DIPLOSTRACA,CLADOCERA,BOSMINIDAE,,BOSMINOPSIS,,,,SMALL,COARSE,HERB,
8/13/2024,5004,BRACHIONUS LEYDIGI,ROTIFERA,EUROTATORIA,MONOGONONTA,PLOIMA,,BRACHIONIDAE,,BRACHIONUS,LEYDIGI,,,,FINE,OMNI,
8/13/2024,5005,BRACHIONUS PTERODINOIDES,ROTIFERA,EUROTATORIA,MONOGONONTA,PLOIMA,,BRACHIONIDAE,,BRACHIONUS,PTERODINOIDES,,,,FINE,OMNI,
8/13/2024,5006,BRACHIONUS URCEOLARIS COMPLEX,ROTIFERA,EUROTATORIA,MONOGONONTA,PLOIMA,,BRACHIONIDAE,,BRACHIONUS,URCEOLARIS COMPLEX,,,,FINE,OMNI,
8/13/2024,5007,BYTHOTREPHES,ARTHROPODA,BRANCHIOPODA,PHYLLOPODA,DIPLOSTRACA,CLADOCERA,CERCOPAGIDIDAE,,,,,,LARGE,COARSE,PRED,
8/13/2024,5008,CENTROPAGIDAE,ARTHROPODA,MAXILLOPODA,COPEPODA,CALANOIDA,,CENTROPAGIDAE,,,,,,,COARSE,,
8/13/2024,5009,CERCOPAGIS,ARTHROPODA,BRANCHIOPODA,PHYLLOPODA,DIPLOSTRACA,CLADOCERA,CERCOPAGIDIDAE,,CERCOPAGIS,,,,LARGE,COARSE,PRED,
8/13/2024,5010,CHAOBORUS ALBIPES,ARTHROPODA,INSECTA,PTERYGOTA,DIPTERA,NEMATOCERA,CHAOBORIDAE,CHAOBORINAE,CHAOBORUS,ALBIPES,,,,COARSE,PRED,
8/13/2024,5011,CHAOBORUS AMERICANUS,ARTHROPODA,INSECTA,PTERYGOTA,DIPTERA,NEMATOCERA,CHAOBORIDAE,CHAOBORINAE,CHAOBORUS,AMERICANUS,,,,COARSE,PRED,
8/13/2024,5012,CHAOBORUS FLAVICANS,ARTHROPODA,INSECTA,PTERYGOTA,DIPTERA,NEMATOCERA,CHAOBORIDAE,CHAOBORINAE,CHAOBORUS,FLAVICANS,,,,COARSE,PRED,
8/13/2024,5013,CHAOBORUS FLAVICANS/PUNCTIPENNIS,ARTHROPODA,INSECTA,PTERYGOTA,DIPTERA,NEMATOCERA,CHAOBORIDAE,CHAOBORINAE,CHAOBORUS,FLAVICANS/PUNCTIPENNIS,,,,COARSE,PRED,
8/13/2024,5014,CHAOBORUS PUNCTIPENNIS,ARTHROPODA,INSECTA,PTERYGOTA,DIPTERA,NEMATOCERA,CHAOBORIDAE,CHAOBORINAE,CHAOBORUS,PUNCTIPENNIS,,,,COARSE,PRED,
8/13/2024,5015,COLLOTHECIDAE,ROTIFERA,EUROTATORIA,MONOGONONTA,COLLOTHECACEAE,,COLLOTHECIDAE,,,,,,,FINE,PRED,
8/13/2024,5016,CONOCHILIDAE,ROTIFERA,EUROTATORIA,MONOGONONTA,FLOSCULARIACEAE,,CONOCHILIDAE,,,,,,,FINE,HERB,
8/13/2024,5017,CYCLOPIDAE,ARTHROPODA,MAXILLOPODA,COPEPODA,CYCLOPOIDA,,CYCLOPIDAE,,,,,,,COARSE,UNK,
8/13/2024,5018,DAPHNIA CATAWBA/PULEX COMPLEX,ARTHROPODA,BRANCHIOPODA,PHYLLOPODA,DIPLOSTRACA,CLADOCERA,DAPHNIIDAE,,DAPHNIA,CATAWBA/PULEX COMPLEX,,,LARGE,COARSE,HERB,
8/13/2024,5019,DAPHNIA CTENODAPHNIA COMPLEX,ARTHROPODA,BRANCHIOPODA,PHYLLOPODA,DIPLOSTRACA,CLADOCERA,DAPHNIIDAE,,DAPHNIA,CTENODAPHNIA COMPLEX,,,LARGE,COARSE,HERB,
8/13/2024,5020,DAPHNIA MENDOTAE COMPLEX,ARTHROPODA,BRANCHIOPODA,PHYLLOPODA,DIPLOSTRACA,CLADOCERA,DAPHNIIDAE,,DAPHNIA,MENDOTAE COMPLEX,,,LARGE,COARSE,HERB,
8/13/2024,5021,EPIPHANIDAE,ROTIFERA,EUROTATORIA,MONOGONONTA,PLOIMA,,EPIPHANIDAE,,,,,,,FINE,OMNI,
8/13/2024,5022,EURYCERCUS,ARTHROPODA,BRANCHIOPODA,PHYLLOPODA,DIPLOSTRACA,CLADOCERA,CHYDORIDAE,,EURYCERCUS,,,,SMALL,COARSE,HERB,
8/13/2024,5023,HOLOPEDIUM AMAZONICUM,ARTHROPODA,BRANCHIOPODA,PHYLLOPODA,DIPLOSTRACA,CLADOCERA,HOLOPEDIIDAE,,HOLOPEDIUM,,,,LARGE,COARSE,HERB,
8/13/2024,5024,KERATELLA CCEO,ROTIFERA,EUROTATORIA,MONOGONONTA,PLOIMA,,BRACHIONIDAE,,KERATELLA,,,,,FINE,HERB,
8/13/2024,5025,KERATELLA CHUSSA,ROTIFERA,EUROTATORIA,MONOGONONTA,PLOIMA,,BRACHIONIDAE,,KERATELLA,CHUSSA,,,,FINE,HERB,
8/13/2024,5026,KERATELLA IRREGULARIS,ROTIFERA,EUROTATORIA,MONOGONONTA,PLOIMA,,BRACHIONIDAE,,KERATELLA,IRREGULARIS,,,,FINE,HERB,
8/13/2024,5027,LATONA,ARTHROPODA,BRANCHIOPODA,PHYLLOPODA,DIPLOSTRACA,CLADOCERA,SIDIDAE,,LATONA,,,,LARGE,COARSE,HERB,
8/13/2024,5028,LECANIDAE,ROTIFERA,EUROTATORIA,MONOGONONTA,PLOIMA,,LECANIDAE,,,,,,,FINE,HERB,
8/13/2024,5029,LEPTODORA,ARTHROPODA,BRANCHIOPODA,PHYLLOPODA,DIPLOSTRACA,CLADOCERA,LEPTODORIDAE,,LEPTODORA,,,,LARGE,COARSE,PRED,
8/13/2024,5030,LIMNIAS,ROTIFERA,EUROTATORIA,MONOGONONTA,FLOSCULARIACEAE,,FLOSCULARIIDAE,,LIMNIAS,,,,,FINE,HERB,
8/13/2024,5031,MACROTHRICIDAE,ARTHROPODA,BRANCHIOPODA,PHYLLOPODA,DIPLOSTRACA,CLADOCERA,MACROTHRICIDAE,,,,,,LARGE,COARSE,HERB,
8/13/2024,5032,MONOMMATA,ROTIFERA,EUROTATORIA,MONOGONONTA,PLOIMA,,NOTOMMATIDAE,,MONOMMATA,,,,,FINE,OMNI,
8/13/2024,5033,MYSIS RELICTA,ARTHROPODA,MALACOSTRACA,EUMALACOSTRACA,MYSIDA,,MYSIDAE,,MYSIS,RELICTA,,,,COARSE,HERB,Y
8/13/2024,5034,PLATYIAS,ROTIFERA,EUROTATORIA,MONOGONONTA,PLOIMA,,BRACHIONIDAE,,PLATYIAS,,,,,FINE,UNK,
8/13/2024,5035,POLYPHEMUS,ARTHROPODA,BRANCHIOPODA,PHYLLOPODA,DIPLOSTRACA,CLADOCERA,POLYPHEMIDAE,,POLYPHEMUS,,,,SMALL,COARSE,PRED,
8/13/2024,5036,POMPHOLYX,ROTIFERA,EUROTATORIA,MONOGONONTA,FLOSCULARIACEAE,,TESTUDINELLIDAE,,POMPHOLYX,,,,,FINE,HERB,
8/13/2024,5037,PROSTIGMATA,ARTHROPODA,ARACHNIDA,ACARI,TROMBIDIFORMES,PROSTIGMATA,,,,,,,,,PARA,
8/13/2024,5038,RESTICULA,ROTIFERA,EUROTATORIA,MONOGONONTA,PLOIMA,,NOTOMMATIDAE,,RESTICULA,,,,,FINE,OMNI,
8/13/2024,5039,SCAPHOLEBERIS,ARTHROPODA,BRANCHIOPODA,PHYLLOPODA,DIPLOSTRACA,CLADOCERA,DAPHNIIDAE,,SCAPHOLEBERIS,,,,SMALL,COARSE,HERB,
8/13/2024,5040,SIDA,ARTHROPODA,BRANCHIOPODA,PHYLLOPODA,DIPLOSTRACA,CLADOCERA,SIDIDAE,,SIDA,,,,LARGE,COARSE,HERB,
8/13/2024,5041,SINANTHERINA,ROTIFERA,EUROTATORIA,MONOGONONTA,FLOSCULARIACEAE,,FLOSCULARIIDAE,,SINANTHERINA,,,,,FINE,HERB,
8/13/2024,5042,TEMORIDAE,ARTHROPODA,MAXILLOPODA,COPEPODA,CALANOIDA,,TEMORIDAE,,,,,,,COARSE,UNK,
8/13/2024,5043,TYLOTROCHA,ROTIFERA,EUROTATORIA,MONOGONONTA,PLOIMA,,NOTOMMATIDAE,,TYLOTROCHA,,,,,FINE,UNK,
8/13/2024,5044,WIERZEJSKIELLA,ROTIFERA,EUROTATORIA,MONOGONONTA,PLOIMA,,DICRANOPHORIDAE,,WIERZEJSKIELLA,,,,,FINE,UNK,
8/13/2024,5045,WOLGA,ROTIFERA,EUROTATORIA,MONOGONONTA,PLOIMA,,TRICHOTRIIDAE,,WOLGA,,,,,FINE,HERB,
8/13/2024,5046,ARTEMIA,ARTHROPODA,BRANCHIOPODA,,ANOSTRACA,,ARTEMIIDAE,,ARTEMIA,,,,,COARSE,,
8/13/2024,5047,CERATOPOGONIDAE,ARTHROPODA,INSECTA,,DIPTERA,,CERATOPOGONIDAE,,,,,,,COARSE,PRED,
8/13/2024,5048,CHIRONOMIDAE,ARTHROPODA,INSECTA,,DIPTERA,,CHIRONOMIDAE,,,,,,,COARSE,,
8/13/2024,5049,GAMMARIDAE,ARTHROPODA,MALACOSTRACA,,AMPHIPODA,GAMMERIDEA,GAMMARIDAE,,,,,,,COARSE,,Y
8/13/2024,5050,HYGROBATES,ARTHROPODA,ARACHNIDA,,TROMBIDIFORMES,,HYGROBATIDAE,,HYGROBATES,,,,,,PRED,
8/13/2024,5051,UNIONICOLA,ARTHROPODA,ARACHNIDA,,TROMBIDIFORMES,,UNIONICOLIDAE,,UNIONICOLA,,,,,,PRED,
8/13/2024,5136,BRACHIONUS DIVERSICORNIS,ROTIFERA,EUROTATORIA,MONOGONONTA,PLOIMA,,BRACHIONIDAE,,BRACHIONUS,DIVERSICORNIS,,,,FINE,OMNI,
8/13/2024,5137,LECANE ELASMA,ROTIFERA,EUROTATORIA,MONOGONONTA,PLOIMA,,LECANIDAE,,LECANE,ELASMA,,,,FINE,HERB,
8/13/2024,5138,LECANE NANA,ROTIFERA,EUROTATORIA,MONOGONONTA,PLOIMA,,LECANIDAE,,LECANE,NANA,,,,FINE,HERB,
8/13/2024,5139,LECANE SOLA,ROTIFERA,EUROTATORIA,MONOGONONTA,PLOIMA,,LECANIDAE,,LECANE,SOLA,,,,FINE,HERB,
8/13/2024,5140,LECANE STOKESI,ROTIFERA,EUROTATORIA,MONOGONONTA,PLOIMA,,LECANIDAE,,LECANE,STOKESI,,,,FINE,HERB,
8/13/2024,5141,MACROCHAETUS MULTISPINOSUS,ROTIFERA,EUROTATORIA,MONOGONONTA,PLOIMA,,TRICHOTRIIDAE,,MACROCHAETUS,MULTISPINOSUS,,,,FINE,OMNI,
8/13/2024,5142,MICROCYCLOPS,ARTHROPODA,MAXILLOPODA,COPEPODA,CYCLOPOIDA,,CYCLOPIDAE,,MICROCYCLOPS,,,,,COARSE,HERB,
8/13/2024,5143,TRICHOCERCA LOPHOESSA,ROTIFERA,EUROTATORIA,MONOGONONTA,PLOIMA,,TRICHOCERCIDAE,,TRICHOCERCA,LOPHOESSA,,,,FINE,PRED,
8/13/2024,5144,TRICHOCERCA PLATESSA,ROTIFERA,EUROTATORIA,MONOGONONTA,PLOIMA,,TRICHOCERCIDAE,,TRICHOCERCA,PLATESSA,,,,FINE,PRED,
8/13/2024,5145,ALONA INTERMEDIA,ARTHROPODA,BRANCHIOPODA,PHYLLOPODA,DIPLOSTRACA,CLADOCERA,CHYDORIDAE,,ALONA,INTERMEDIA,,,SMALL,COARSE,HERB,
8/13/2024,5146,ALONELLA DENTIFERA,ARTHROPODA,BRANCHIOPODA,PHYLLOPODA,DIPLOSTRACA,CLADOCERA,CHYDORIDAE,,ALONA,DENTIFERA,,,SMALL,COARSE,HERB,
8/13/2024,5147,ALONELLA NANA,ARTHROPODA,BRANCHIOPODA,PHYLLOPODA,DIPLOSTRACA,CLADOCERA,CHYDORIDAE,,ALONELLA,NANA,,,SMALL,COARSE,HERB,
8/13/2024,5148,ANCHISTROPUS MINOR,ARTHROPODA,BRANCHIOPODA,PHYLLOPODA,DIPLOSTRACA,CLADOCERA,CHYDORIDAE,,ANCHISTROPUS,MINOR,,,SMALL,COARSE,HERB,
8/13/2024,5149,ARCTODIAPTOMUS,ARTHROPODA,MAXILLOPODA,COPEPODA,CALANOIDA,,DIAPTOMIDAE,,ARCTODIAPTOMUS,,,,,COARSE,HERB,
8/13/2024,5150,CERIODAPHNIA RIGAUDI,ARTHROPODA,BRANCHIOPODA,PHYLLOPODA,DIPLOSTRACA,CLADOCERA,DAPHNIIDAE,,CERIODAPHNIA,RIGAUDI,,,SMALL,COARSE,HERB,
8/13/2024,5151,CHYDORUS OVALIS,ARTHROPODA,BRANCHIOPODA,PHYLLOPODA,DIPLOSTRACA,CLADOCERA,CHYDORIDAE,,CHYDORUS,OVALIS,,,SMALL,FINE,HERB,
8/13/2024,5152,DISPARALONA ACUTIROSTRIS,ARTHROPODA,BRANCHIOPODA,PHYLLOPODA,DIPLOSTRACA,CLADOCERA,CHYDORIDAE,,DISPARALONA,ACUTIROSTRIS,,,SMALL,COARSE,HERB,
8/13/2024,5153,DISPARALONA DADAYI,ARTHROPODA,BRANCHIOPODA,PHYLLOPODA,DIPLOSTRACA,CLADOCERA,CHYDORIDAE,,DISPARALONA,DADAYI,,,SMALL,COARSE,HERB,
8/13/2024,5154,ERGASILUS CELESTIS,ARTHROPODA,MAXILLOPODA,COPEPODA,POECILOSTOMATOIDA,,ERGASILIDAE,,ERGASILUS,CELESTIS,,,,COARSE,OMNI,
8/13/2024,5155,EUCYCLOPS CONROWAE,ARTHROPODA,MAXILLOPODA,COPEPODA,CYCLOPOIDA,,CYCLOPIDAE,,EUCYCLOPS,CONROWAE,,,,COARSE,OMNI,
8/13/2024,5156,HESPERODIAPTOMUS SHOSHONE,ARTHROPODA,MAXILLOPODA,COPEPODA,CALANOIDA,,DIAPTOMIDAE,,HESPERODIAPTOMUS,SHOSHONE,,,,COARSE,HERB,
8/13/2024,5157,LEYDIGIA ACANTHOCERCOIDES,ARTHROPODA,BRANCHIOPODA,PHYLLOPODA,DIPLOSTRACA,CLADOCERA,CHYDORIDAE,,LEYDIGIA,ACANTHOCERCOIDES,,,SMALL,COARSE,HERB,
8/13/2024,5158,LEYDIGIA LEYDIGI,ARTHROPODA,BRANCHIOPODA,PHYLLOPODA,DIPLOSTRACA,CLADOCERA,CHYDORIDAE,,LEYDIGIA,LEYDIGI,,,SMALL,COARSE,HERB,
8/13/2024,5159,MICROCYCLOPS DUBITABILIS,ARTHROPODA,MAXILLOPODA,COPEPODA,CYCLOPOIDA,,CYCLOPIDAE,,MICROCYCLOPS,DUBITABILIS,,,,COARSE,HERB,
8/13/2024,5160,MONOSPILUS DISPAR,ARTHROPODA,BRANCHIOPODA,PHYLLOPODA,DIPLOSTRACA,CLADOCERA,CHYDORIDAE,,MONOSPILUS,DISPAR,,,SMALL,COARSE,HERB,
8/13/2024,5161,OITHONA,ARTHROPODA,MAXILLOPODA,COPEPODA,CYCLOPOIDA,,OITHONIDAE,,OITHONIA,,,,,COARSE,HERB,
8/13/2024,5162,PARALONA PIGRA,ARTHROPODA,BRANCHIOPODA,PHYLLOPODA,DIPLOSTRACA,CLADOCERA,CHYDORIDAE,,PARALONA,PIGRA,,,SMALL,COARSE,HERB,
8/13/2024,5163,PLEUROXUS HASTATUS,ARTHROPODA,BRANCHIOPODA,PHYLLOPODA,DIPLOSTRACA,CLADOCERA,CHYDORIDAE,,PLEUROXUS,HASTATUS,,,SMALL,COARSE,HERB,
8/13/2024,5164,RHYNCHOTALONA FALCATA,ARTHROPODA,BRANCHIOPODA,PHYLLOPODA,DIPLOSTRACA,CLADOCERA,CHYDORIDAE,,RHYNCHOTALONA,FALCATA,,,SMALL,COARSE,HERB,
8/13/2024,5165,SIMOCEPHALUS EXSPINOSUS,ARTHROPODA,BRANCHIOPODA,PHYLLOPODA,DIPLOSTRACA,CLADOCERA,DAPHNIIDAE,,SIMOCEPHALUS,EXSPINOSUS,,,LARGE,COARSE,HERB,
8/13/2024,5166,THERMOCYCLOPS CRASSUS,ARTHROPODA,MAXILLOPODA,COPEPODA,CYCLOPOIDA,,CYCLOPIDAE,,THERMACYCLOPS,CRASSUS,,ALL,,COARSE,HERB,
8/13/2024,5167,DIACYCLOPS,ARTHROPODA,MAXILLOPODA,COPEPODA,CYCLOPOIDA,,CYCLOPIDAE,,DIACYCLOPS,,,,,COARSE,OMNI,
8/13/2024,5479,ACARTIA,ARTHROPODA,MAXILLOPODA,COPEPODA,CALANOIDA,,ACARTIIDAE,,ACARTIA,,,,,COARSE,HERB,
8/13/2024,5480,ALONA SETULOSA,ARTHROPODA,BRANCHIOPODA,PHYLLOPODA,DIPLOSTRACA,CLADOCERA,CHYDORIDAE,,ALONA,SETULOSA,,,SMALL,COARSE,HERB,
8/13/2024,5481,ANURAEOPSIS NAVICULA,ROTIFERA,EUROTATORIA,MONOGONONTA,PLOIMA,,BRACHIONIDAE,,ANURAEOPSIS,NAVICULA,,,,FINE,HERB,
8/13/2024,5482,APOCYCLOPS PANAMENSIS,ARTHROPODA,MAXILLOPODA,COPEPODA,CYCLOPOIDA,,CYCLOPIDAE,,APOCYCLOPS,PANAMENSIS,,,,COARSE,OMNI,
8/13/2024,5483,ASPLANCHNA SIEBOLDII,ROTIFERA,EUROTATORIA,MONOGONONTA,PLOIMA,,ASPLANCHNIDAE,,ASPLANCHNA,SIEBOLDII,,,,FINE,OMNI,
8/13/2024,5484,BEAUCHAMPIELLA EUDACTYLOTA,ROTIFERA,EUROTATORIA,MONOGONONTA,PLOIMA,,EUCHLANIDAE,,BEAUCHAMPIELLA,EUDACTYLOTA,,,,FINE,HERB,
8/13/2024,5485,BRANCHINECTA,ARTHROPODA,BRANCHIOPODA,SARSOSTRACA,ANOSTRACA,ANOSTRACINA,BRANCHINECTIDAE,,BRANCHINECTA,,,,,COARSE,UNK,
8/13/2024,5486,BUNOPS SERRICAUDATA,ARTHROPODA,BRANCHIOPODA,PHYLLOPODA,DIPLOSTRACA,CLADOCERA,MACROTHRICIDAE,,BUNOPS,SERRICAUDATA,,,LARGE,COARSE,HERB,
8/13/2024,5487,BYTHOTREPHES LONGIMANUS,ARTHROPODA,BRANCHIOPODA,PHYLLOPODA,DIPLOSTRACA,CLADOCERA,CERCOPAGIDIDAE,,BYTHOTREPHES,LONGIMANUS,,,LARGE,COARSE,PRED,
8/13/2024,5488,CEPHALODELLA PLANERA,ROTIFERA,EUROTATORIA,MONOGONONTA,PLOIMA,,NOTOMMATIDAE,,CEPHALODELLA,PLANERA,,,,FINE,OMNI,
8/13/2024,5489,CERIODAPHNIA ACANTHINA,ARTHROPODA,BRANCHIOPODA,PHYLLOPODA,DIPLOSTRACA,CLADOCERA,DAPHNIIDAE,,CERIODAPHNIA,ACANTHINA,,,SMALL,COARSE,HERB,
8/13/2024,5490,CERIODAPHNIA LATICAUDATA,ARTHROPODA,BRANCHIOPODA,PHYLLOPODA,DIPLOSTRACA,CLADOCERA,DAPHNIIDAE,,CERIODAPHNIA,LATICAUDATA,,,SMALL,COARSE,HERB,
8/13/2024,5491,CORBICULA,MOLLUSCA,BIVALVIA,HETERODONTA,VENEROIDA,,CORBICULIDAE,,CORBICULA,,,ALL,,COARSE,FILT,Y
8/13/2024,5492,CYCLOPS COLUMBIANUS,ARTHROPODA,MAXILLOPODA,COPEPODA,CYCLOPOIDA,,CYCLOPIDAE,,CYCLOPS,COLUMBIANUS,,,,COARSE,OMNI,
8/13/2024,5493,DAPHNIA MENDOTAE,ARTHROPODA,BRANCHIOPODA,PHYLLOPODA,DIPLOSTRACA,CLADOCERA,DAPHNIIDAE,,DAPHNIA,MENDOTAE,,,LARGE,COARSE,HERB,
8/13/2024,5494,DAPHNIA PULEX COMPLEX,ARTHROPODA,BRANCHIOPODA,PHYLLOPODA,DIPLOSTRACA,CLADOCERA,DAPHNIIDAE,,DAPHNIA,PULEX COMPLEX,,,LARGE,COARSE,HERB,
8/13/2024,5495,DAPHNIA SALINA,ARTHROPODA,BRANCHIOPODA,PHYLLOPODA,DIPLOSTRACA,CLADOCERA,DAPHNIIDAE,,DAPHNIA,SALINA,,,LARGE,COARSE,HERB,
8/13/2024,5496,DAPHNIA SIMILIS,ARTHROPODA,BRANCHIOPODA,PHYLLOPODA,DIPLOSTRACA,CLADOCERA,DAPHNIIDAE,,DAPHNIA,SIMILIS,,,LARGE,COARSE,HERB,
8/13/2024,5497,DECAPODA,ARTHROPODA,MALACOSTRACA,EUMALACOSTRACA,DECAPODA,,,,,,,,,COARSE,,Y
8/13/2024,5498,DIACYCLOPS NANUS,ARTHROPODA,MAXILLOPODA,COPEPODA,CYCLOPOIDA,,CYCLOPIDAE,,DIACYCLOPS,NANUS,,,,COARSE,OMNI,
8/13/2024,5499,DICRANOPHORUS,ROTIFERA,EUROTATORIA,MONOGONONTA,PLOIMA,,DICRANOPHORIDAE,,DICRANOPHORUS,,,,,FINE,HERB,
8/13/2024,5500,DUNHEVEDIA SERRATA,ARTHROPODA,BRANCHIOPODA,PHYLLOPODA,DIPLOSTRACA,CLADOCERA,CHYDORIDAE,,DUNHEVEDIA,SERRATA,,,SMALL,COARSE,HERB,
8/13/2024,5501,GAMMARUS,ARTHROPODA,MALACOSTRACA,,AMPHIPODA,GAMMERIDEA,GAMMARIDAE,,GAMMARUS,,,,,COARSE,,
8/13/2024,5502,HESPERODIAPTOMUS FRANCISCANUS,ARTHROPODA,MAXILLOPODA,COPEPODA,CALANOIDA,,DIAPTOMIDAE,,HESPERODIAPTOMUS,FRANCISCANUS,,,,COARSE,HERB,
8/13/2024,5503,HYALELLA,ARTHROPODA,MALACOSTRACA,EUMALACOSTRACA,AMPHIPODA,GAMMARIDEA,HYALELLIDAE,,HYALELLA,,,,,COARSE,,
8/13/2024,5504,HYALELLA AZTECA CMPLX,ARTHROPODA,MALACOSTRACA,EUMALACOSTRACA,AMPHIPODA,GAMMARIDEA,HYALELLIDAE,,HYALELLA,AZTECA COMPLEX,,,,COARSE,,
8/13/2024,5505,HYDRA,CNIDARIA,HYDROZOA,,ANTHOATHECATAE,,HYDRIDAE,,HYDRA,,,,,COARSE,PRED,Y
8/13/2024,5506,KARUALONA,ARTHROPODA,BRANCHIOPODA,PHYLLOPODA,DIPLOSTRACA,CLADOCERA,CHYDORIDAE,,KARUALONA,,,,SMALL,COARSE,HERB,
8/13/2024,5507,KERATELLA COCHLEARIS COCHLEARIS,ROTIFERA,EUROTATORIA,MONOGONONTA,PLOIMA,,BRACHIONIDAE,,KERATELLA,COCHLEARIS,COCHLEARIS,,,FINE,HERB,
8/13/2024,5508,KERATELLA COCHLEARIS POLARIS,ROTIFERA,EUROTATORIA,MONOGONONTA,PLOIMA,,BRACHIONIDAE,,KERATELLA,COCHLEARIS,POLARIS,,,FINE,HERB,
8/13/2024,5509,LATHONURA RECTIROSTRIS,ARTHROPODA,BRANCHIOPODA,PHYLLOPODA,DIPLOSTRACA,CLADOCERA,MACROTHRICIDAE,,LATHONURA,RECTIROSTRIS,,,LARGE,COARSE,HERB,
8/13/2024,5510,LATONA PARVIREMIS,ARTHROPODA,BRANCHIOPODA,PHYLLOPODA,DIPLOSTRACA,CLADOCERA,SIDIDAE,,LATONA,PARVIREMIS,,,LARGE,COARSE,HERB,
8/13/2024,5511,LATONA SETIFERA,ARTHROPODA,BRANCHIOPODA,PHYLLOPODA,DIPLOSTRACA,CLADOCERA,SIDIDAE,,LATONA,SETIFERA,,,LARGE,COARSE,HERB,
8/13/2024,5512,LATONOPSIS OCCIDENTALIS,ARTHROPODA,BRANCHIOPODA,PHYLLOPODA,DIPLOSTRACA,CLADOCERA,SIDIDAE,,LATONOPSIS,OCCIDENTALIS,,,LARGE,COARSE,HERB,
8/13/2024,5513,LECANE PALINACIS,ROTIFERA,EUROTATORIA,MONOGONONTA,PLOIMA,,LECANIDAE,,LECANE,PALINACIS,,,,FINE,HERB,
8/13/2024,5514,LEPADELLA TRIPTERA,ROTIFERA,EUROTATORIA,MONOGONONTA,PLOIMA,,LEPADELLIDAE,,LEPADELLA,TRIPTERA,,,,FINE,HERB,
8/13/2024,5515,LIMNIAS MELICERTA,ROTIFERA,EUROTATORIA,MONOGONONTA,FLOSCULARIACEAE,,FLOSCULARIIDAE,,LIMNIAS,MELICERTA,,,,FINE,HERB,
8/13/2024,5516,LINDIA,ROTIFERA,EUROTATORIA,MONOGONONTA,PLOIMA,,LINDIIDAE,,LINDIA,,,,,FINE,UNK,
8/13/2024,5517,MACROTHRIX LATICORNIS,ARTHROPODA,BRANCHIOPODA,PHYLLOPODA,DIPLOSTRACA,CLADOCERA,MACROTHRICIDAE,,MACROTHRIX,LATICORNIS,,,LARGE,COARSE,HERB,
8/13/2024,5518,MACROTHRIX MONTANA,ARTHROPODA,BRANCHIOPODA,PHYLLOPODA,DIPLOSTRACA,CLADOCERA,MACROTHRICIDAE,,MACROTHRIX,MONTANA,,,LARGE,COARSE,HERB,
8/13/2024,5519,MACROTHRIX SMIRNOVI,ARTHROPODA,BRANCHIOPODA,PHYLLOPODA,DIPLOSTRACA,CLADOCERA,MACROTHRICIDAE,,MACROTHRIX,SMIRNOVI,,,LARGE,COARSE,HERB,
8/13/2024,5520,MACROTRACHELA,ROTIFERA,EUROTATORIA,BDELLOIDEA,,,PHILODINIDAE,,MACROTRACHELA,,,,,FINE,UNK,
8/13/2024,5521,MONOCOROPHIUM,ARTHROPODA,MALACOSTRACA,EUMALACOSTRACA,AMPHIPODA,GAMMARIDEA,COROPHIIDAE,,MONOCOROPHIUM,,,,,COARSE,,
8/13/2024,5522,NEOMYSIS MERCEDIS,ARTHROPODA,MALACOSTRACA,EUMALACOSTRACA,MYSIDA,,MYSIDAE,,NEOMYSIS,MERCEDIS,,,,COARSE,PRED,
8/13/2024,5523,NOTHOLCA FOLIACEA,ROTIFERA,EUROTATORIA,MONOGONONTA,PLOIMA,,BRACHIONIDAE,,NOTHOLCA,FOLIACEA,,,,FINE,HERB,
8/13/2024,5524,OSPHRANTICUM LABRONECTUM,ARTHROPODA,MAXILLOPODA,COPEPODA,CALANOIDA,,CENTROPAGIDAE,,OSPHRANTICUM,LABRONECTUM,,,,COARSE,UNK,
8/13/2024,5525,PALAEMONETES,ARTHROPODA,MALACOSTRACA,EUMALACOSTRACA,DECAPODA,PLEOCYEMATA,PALAEMONIDAE,,PALAEMONETES,,,,,COARSE,,Y
8/13/2024,5526,PALAEMONIDAE,ARTHROPODA,MALACOSTRACA,EUMALACOSTRACA,DECAPODA,PLEOCYEMATA,PALAEMONIDAE,,,,,,,COARSE,,Y
8/13/2024,5527,PARACYCLOPS,ARTHROPODA,MAXILLOPODA,COPEPODA,CYCLOPOIDA,,CYCLOPIDAE,,PARACYCLOPS,,,,,COARSE,UNK,
8/13/2024,5528,PICRIPLEUROXUS STRAMINIUS,ARTHROPODA,BRANCHIOPODA,PHYLLOPODA,DIPLOSTRACA,CLADOCERA,CHYDORIDAE,,PICRIPLEUROXU,STRAMINIUS,,,SMALL,COARSE,HERB,
8/13/2024,5529,PLEOPIS POLYPHEMOIDES,ARTHROPODA,BRANCHIOPODA,PHYLLOPODA,DIPLOSTRACA,CLADOCERA,PODONIDAE,,PLEOPSIS,POLYPHEMOIDES,,,,,UNK,
8/13/2024,5530,POLYARTHRA LUMINOSA,ROTIFERA,EUROTATORIA,MONOGONONTA,PLOIMA,,SYNCHAETIDAE,,POLYARTHRA,LUMINOSA,,,,FINE,OMNI,
8/13/2024,5531,PROALES DAPHNICOLA,ROTIFERA,EUROTATORIA,MONOGONONTA,PLOIMA,,PROALIDAE,,PROALES,DAPHNICOLA,,,,FINE,OMNI,
8/13/2024,5532,SIDIDAE,ARTHROPODA,BRANCHIOPODA,PHYLLOPODA,DIPLOSTRACA,CLADOCERA,SIDIDAE,,,,,,LARGE,COARSE,HERB,
8/13/2024,5533,SINANTHERINA SPINOSA,ROTIFERA,EUROTATORIA,MONOGONONTA,FLOSCULARIACEAE,,FLOSCULARIIDAE,,SINANTHERINA,SPINOSA,,,,FINE,HERB,
8/13/2024,5534,SKISTODIAPTOMUS BOGALUSENSIS MARII,ARTHROPODA,MAXILLOPODA,COPEPODA,CALANOIDA,,DIAPTOMIDAE,,SKISTODIAPTOMUS,BOGALUSENSIS,MARII,,,COARSE,HERB,
8/13/2024,5535,STEPHANOCEROS FIMBRIATUS,ROTIFERA,EUROTATORIA,MONOGONONTA,COLLOTHECACEAE,,COLLOTHECIDAE,,STEPHANOCEROS,FIMBRIATUS,,,,FINE,PRED,
8/13/2024,5536,TRICHOCERCA INSIGNIS,ROTIFERA,EUROTATORIA,MONOGONONTA,PLOIMA,,TRICHOCERCIDAE,,TRICHOCERCA,INSIGNIS,,,,FINE,PRED,
8/13/2024,5537,TROCHOSPHAERA AEQUATORIALIS,ROTIFERA,EUROTATORIA,MONOGONONTA,FLOSCULARIACEAE,,TROCHOSPHAERIDAE,,TROCHOSPHAERA,AEQUATORIALIS,,,,FINE,UNK,
8/13/2024,5538,TROPOCYCLOPS,ARTHROPODA,MAXILLOPODA,COPEPODA,CYCLOPOIDA,,CYCLOPIDAE,,TROPOCYCLOPS,,,,,COARSE,UNK,
8/13/2024,5539,TYLOTROCHA MONOPUS,ROTIFERA,EUROTATORIA,MONOGONONTA,PLOIMA,,NOTOMMATIDAE,,TYLOTROCHA,MONOPUS,,,,FINE,UNK,
8/13/2024,5540,WIERZEJSKIELLA VAGNERI,ROTIFERA,EUROTATORIA,MONOGONONTA,PLOIMA,,DICRANOPHORIDAE,,WIERZEJSKIELLA,VAGNERI,,,,FINE,PRED,
8/13/2024,5541,WIERZEJSKIELLA VELOX,ROTIFERA,EUROTATORIA,MONOGONONTA,PLOIMA,,DICRANOPHORIDAE,,WIERZEJSKIELLA,VELOX,,,,FINE,PRED,
8/13/2024,5543,ANISOPTERA,ARTHROPODA,INSECTA,,ODONATA,ANISOPTERA,,,,,,,,,,Y
8/13/2024,5544,CHAETONOTUS,GASTROTRICHA,,,CHAETONOTIDA,,CHAETONOTIDAE,,CHAETONOTUS,,,,,,,Y
8/13/2024,5545,COLLEMBOLA,ARTHROPODA,INSECTA,,COLLEMBOLA,,,,,,,,,,,Y
8/13/2024,5546,CORIXIDAE,ARTHROPODA,INSECTA,PTERYGOTA,HEMIPTERA,HETEROPTERA,CORIXIDAE,,,,,,,,,Y
8/13/2024,5548,DIPTERA,ARTHROPODA,INSECTA,,DIPTERA,,,,,,,,,,,Y
8/13/2024,5549,DYTISCIDAE,ARTHROPODA,INSECTA,PTERYGOTA,COLEOPTERA,ADEPHAGA,DYTISCIDAE,,,,,,,,,Y
8/13/2024,5550,EPHEMEROPTERA,ARTHROPODA,INSECTA,,EPHEMEROPTERA,,,,,,,,,,,Y
8/13/2024,5551,GASTROPODA,MOLLUSCA,GASTROPODA,,,,,,,,,,,,,Y
8/13/2024,5552,GASTROTRICHA,GASTROTRICHA,,,,,,,,,,,,,,Y
8/13/2024,5554,INSECTA,ARTHROPODA,INSECTA,,,,,,,,,,,,,Y
8/13/2024,5555,NEMATODA,NEMATODA,,,,,,,,,,,,,,Y
8/13/2024,5556,NEOGOSSEA,GASTROTRICHA,,,CHAETONOTIDA,,NEOGOSSEIDAE,,NEOGOSSEA,,,,,,,Y
8/13/2024,5557,NOTONECTIDAE,ARTHROPODA,INSECTA,PTERYGOTA,HEMIPTERA,HETEROPTERA,NOTONECTIDAE,,,,,,,,,Y
8/13/2024,5558,ODONATA,ARTHROPODA,INSECTA,,ODONATA,,,,,,,,,,,Y
8/13/2024,5559,OLIGOCHAETA,ANNILIDA,CLITELLATA,OLIGOCHAETA,,,,,,,,,,,,Y
8/13/2024,5562,PLECOPTERA,ARTHROPODA,INSECTA,PTERYGOTA,PLECOPTERA,,,,,,,,,,,Y
8/13/2024,5563,TARDIGRADA,TARDIGRADA,,,,,,,,,,,,,,Y
8/13/2024,5564,TRICHOPTERA,ARTHROPODA,INSECTA,PTERYGOTA,TRICHOPTERA,,,,,,,,,,,Y
8/13/2024,5565,UNIONOIDA,MOLLUSCA,BIVALVIA,PALAEOHETERODONTA,UNIONOIDA,,,,,,,,,,,Y
8/13/2024,9999,NO ORGANISMS IN SAMPLE,,,,,,,,,,,,,,,
